GID,SYMBOL
fpoB:MM_2490,MM_2490
MM_2582,MM_2582
fpoF:MM_0627,MM_0627
fpoK:MM_2483,MM_2483
fpoO:MM_2479,MM_2479
fpoD:MM_2488,MM_2488
fpoM:MM_2481,MM_2481
fpoL:MM_2482,MM_2482
fpoC:MM_2489,MM_2489
fpoN:MM_2480,MM_2480
mtrA:MM_1543,MM_1543
ackA:ack:MM_0495,MM_0495
mtrF:MM_1542,MM_1542
cdhA1:MM_2089,MM_2089
cdhA2:MM_0684,MM_0684
atpA:ahaA:MM_0780,MM_0780
thrS:MM_3304,MM_3304
fpoA:MM_2491,MM_2491
fpoH:MM_2487,MM_2487
fpoI:MM_2486,MM_2486
fpoJ:MM_2485,MM_2485
coaBC:MM_2283,MM_2283
dadD:MM_2279,MM_2279
nnrE:nnrD:MM_2208,MM_2208
hdrD:MM_1844,MM_1844
glnA1:MM_0964,MM_0964
glnK1:MM_0732,MM_0732
hppA1:MM_0700,MM_0700
MM_0603,MM_0603
MM_0602,MM_0602
argJ:MM_0474,MM_0474
pyrG:MM_0118,MM_0118
mtrC:MM_1545,MM_1545
dnaJ:MM_2504,MM_2504
grpE:MM_2506,MM_2506
carB:MM_0038,MM_0038
aksA:MM_2785,MM_2785
mtmB1:MM_1436/MM_1437:mtmB2:MM_3335/MM_3336,MM_1436
mtmB1:MM_1436/MM_1437:mtmB2:MM_3335/MM_3336,MM_1437
mtmB1:MM_1436/MM_1437:mtmB2:MM_3335/MM_3336,MM_3335
mtmB1:MM_1436/MM_1437:mtmB2:MM_3335/MM_3336,MM_3336
mttB1:MM_1688/MM_1689,MM_1688
mttB1:MM_1688/MM_1689,MM_1689
mttB2:MM_2048/MM_2049,MM_2048
mttB2:MM_2048/MM_2049,MM_2049
mtmC1:MM_1438,MM_1438
mtbA:MM_1439,MM_1439
pyrH:MM_1611,MM_1611
rpo12:rpoP:MM_2626,MM_2626
mtrE:MM_1547,MM_1547
mtrD:MM_1546,MM_1546
mtrB:MM_1544,MM_1544
mtrG:MM_1541,MM_1541
atpE:ahaE:MM_0783,MM_0783
atpC:ahaC:MM_0782,MM_0782
atpF:ahaF:MM_0781,MM_0781
atpB:ahaB:MM_0779,MM_0779
atpD:ahaD:MM_0778,MM_0778
uvrA:MM_3291,MM_3291
uvrB:MM_3289,MM_3289
thiE:MM_3235,MM_3235
thiM:MM_3234,MM_3234
hcp:MM_3213,MM_3213
taw2:MM_3150,MM_3150
lon:MM_3118,MM_3118
topA:MM_3076,MM_3076
gpmA:MM_2993,MM_2993
mptE:MM_2968,MM_2968
ileS:MM_2967,MM_2967
purP2:MM_2913,MM_2913
serC:MM_2911,MM_2911
dbh2:MM_2876,MM_2876
eno:MM_2836,MM_2836
rnhB:MM_2814,MM_2814
pheT:MM_2812,MM_2812
purQ:MM_2807,MM_2807
purS:MM_2806,MM_2806
mobA:MM_2793,MM_2793
nadK:MM_2784,MM_2784
gap:MM_2782,MM_2782
lig2:MM_2714,MM_2714
rpl37ae:MM_2625,MM_2625
rsgA:MM_2561,MM_2561
rsmA:ksgA:MM_2539,MM_2539
thiI:MM_2517,MM_2517
MM_2499,MM_2499
cofH2:MM_2496,MM_2496
cofH1:MM_2495,MM_2495
cofG:MM_2494,MM_2494
rpl7ae:MM_2467,MM_2467
ndk:MM_2464,MM_2464
pdxT:MM_2433,MM_2433
pdxS:MM_2432,MM_2432
mtsA:MM_2427,MM_2427
gyrA:MM_2420,MM_2420
gyrB:MM_2419,MM_2419
top6A:MM_2418,MM_2418
top6B:MM_2417,MM_2417
MM_2379,MM_2379
leuC:MM_2373,MM_2373
aroK:MM_2362,MM_2362
gatD:MM_2306,MM_2306
cooS2:MM_2301,MM_2301
rlmE:rrmJ:MM_2288,MM_2288
MM_2281,MM_2281
rpo5:rpoH:MM_2274,MM_2274
rpo1N:rpoA1:MM_2271,MM_2271
MM_2224,MM_2224
moaC:MM_2206,MM_2206
prs:MM_2205,MM_2205
mre11:MM_2193,MM_2193
rpo3:rpoD:MM_2158,MM_2158
truB:MM_2154,MM_2154
cmk:MM_2153,MM_2153
adk:MM_2148,MM_2148
iorA:MM_2093,MM_2093
cdhC2:MM_2087,MM_2087
cdhE2:MM_2084,MM_2084
pyrF:MM_2083,MM_2083
MM_2077,MM_2077
MM_2075,MM_2075
nadA:MM_2073,MM_2073
nadX:MM_2072,MM_2072
cobS:MM_2057,MM_2057
hisH:MM_2030,MM_2030
hisI:MM_2019,MM_2019
pstB:MM_2009,MM_2009
MM_1976,MM_1976
nrpRII:MM_1969,MM_1969
tyrS:MM_1963,MM_1963
lysS2:MM_1916,MM_1916
MM_1910,MM_1910
lig1:MM_1895,MM_1895
lysA:MM_1885,MM_1885
rpo11:rpoL:MM_1880,MM_1880
hpt:MM_1876,MM_1876
cofD:MM_1874,MM_1874
dmrX:MM_1854,MM_1854
hdrE:MM_1843,MM_1843
rpl44e:MM_1809,MM_1809
groEL:groL:MM_1798,MM_1798
fni:MM_1764,MM_1764
mvk:MM_1762,MM_1762
rpo10:rpoN:MM_1758,MM_1758
pyrK:MM_1746,MM_1746
pyrD:MM_1745,MM_1745
hemC:MM_1744,MM_1744
hemA:MM_1741,MM_1741
aroC:MM_1712,MM_1712
ribB:MM_1710,MM_1710
ribK:MM_1709,MM_1709
nrpA:MM_1708,MM_1708
hisF:MM_1704,MM_1704
MM_1685,MM_1685
aroA:MM_1627,MM_1627
MM_1618,MM_1618
rnp4:MM_1556,MM_1556
hisG:MM_1503,MM_1503
mat:MM_1502,MM_1502
map:MM_1499,MM_1499
truA:MM_1495,MM_1495
purP1:MM_1493,MM_1493
alaS:MM_1486,MM_1486
pheS:MM_1470,MM_1470
pylS:MM_1445,MM_1445
pylC:MM_1443,MM_1443
ppa:MM_1441,MM_1441
cofE:MM_1421,MM_1421
purM:MM_1416,MM_1416
argD:MM_1406,MM_1406
mptD:MM_1404,MM_1404
asd:MM_1402,MM_1402
cbiA:cfbB:MM_1394,MM_1394
moaA:MM_1393,MM_1393
sepS:MM_1383,MM_1383
ppk:MM_1375,MM_1375
thiL:MM_1365,MM_1365
taw1:MM_1346,MM_1346
polB:MM_1345,MM_1345
cheB2:MM_1326,MM_1326
mfnA:MM_1317,MM_1317
dnaG:MM_1295,MM_1295
nth:MM_1280,MM_1280
fae-hps:MM_1279,MM_1279
tpiA:MM_1278,MM_1278
aroE:MM_1274,MM_1274
aroD:MM_1273,MM_1273
aroA:MM_1271,MM_1271
rbcL:MM_1249,MM_1249
polC:MM_1246,MM_1246
MM_1240,MM_1240
aroA:MM_1238,MM_1238
argB:MM_1220,MM_1220
dapB:MM_1202,MM_1202
dapA:MM_1201,MM_1201
MM_1166,MM_1166
tgtA:MM_1101,MM_1101
nrpRI:MM_1085,MM_1085
ilvE:MM_1045,MM_1045
smc:MM_1031,MM_1031
thiC2:MM_1025,MM_1025
ogt:MM_1020,MM_1020
pan:MM_1006,MM_1006
hdrB:MM_0980,MM_0980
hdrC:MM_0979,MM_0979
MM_0943,MM_0943
ablA:MM_0934,MM_0934
fen:MM_0906,MM_0906
gpmI:MM_0904,MM_0904
nth:MM_0895,MM_0895
dbh1:MM_0886,MM_0886
metG:MM_0867,MM_0867
serS:MM_0865,MM_0865
purL:MM_0860,MM_0860
proB:MM_0818,MM_0818
MM_0814,MM_0814
purA:MM_0801,MM_0801
MM_0789,MM_0789
queE:MM_0755,MM_0755
queC:MM_0753,MM_0753
nifH:MM_0719,MM_0719
hppA2:MM_0701,MM_0701
psmB:MM_0694,MM_0694
cdhE1:MM_0689,MM_0689
cdhC1:MM_0686,MM_0686
MM_0669,MM_0669
ilvC:MM_0668,MM_0668
fcl:MM_0658,MM_0658
hacB:MM_0645,MM_0645
mer:MM_0628,MM_0628
uppS:MM_0618,MM_0618
rpo7:rpoE:MM_0596,MM_0596
eif2g:MM_0594,MM_0594
egsA:MM_0590,MM_0590
cbiX:cfbA:MM_0517,MM_0517
cbiA:cfbB:MM_0513,MM_0513
argC:MM_0476,MM_0476
pfkC:MM_0473,MM_0473
cca:MM_0469,MM_0469
nadE:MM_0446,MM_0446
glyA:MM_0442,MM_0442
folD:MM_0441,MM_0441
hel308:MM_0425,MM_0425
hisD:MM_0424,MM_0424
hacA:MM_0409,MM_0409
purF:MM_0341,MM_0341
cheB1:MM_0329,MM_0329
valS:MM_0314,MM_0314
rnz:MM_0306,MM_0306
glmM:MM_0301,MM_0301
glmS:MM_0300,MM_0300
ilvD:MM_0259,MM_0259
ribL:MM_0242,MM_0242
alaXM:alaX:MM_0233,MM_0233
thi4:MM_0222,MM_0222
thiC1:MM_0182,MM_0182
argF:MM_0145,MM_0145
purD:MM_0144,MM_0144
MM_0128,MM_0128
cooS1:MM_0121,MM_0121
truD:MM_0114,MM_0114
mptN:MM_0111,MM_0111
iscS:MM_0109,MM_0109
MM_0087,MM_0087
aspS:MM_0074,MM_0074
rpiA:MM_0073,MM_0073
hdrA:MM_0056,MM_0056
carA:MM_0039,MM_0039
argG:MM_0037,MM_0037
otaA:MM_0040,MM_0040
vhtA:MM_2170,MM_2170
atpI:ahaI:MM_0785,MM_0785
flpA:fibM:MM_1594,MM_1594
dnaK:MM_2505,MM_2505
tfb:MM_1772,MM_1772
trkA1:trkA:MM_2503,MM_2503
pdaD1:MM_0286,MM_0286
pdaD2:MM_2595,MM_2595
trkA2:trkA:MM_2501,MM_2501
cimA:MM_0671,MM_0671
leuA:MM_1284,MM_1284
mtbB1:MM_2050/MM_2051,MM_2050
mtbB1:MM_2050/MM_2051,MM_2051
mtbB2:MM_2962/MM_2963,MM_2962
mtbB2:MM_2962/MM_2963,MM_2963
mtbB3:MM_1693/MM_1694,MM_1693
mtbB3:MM_1693/MM_1694,MM_1694
mtmC2:MM_3334,MM_3334
mtbC1:MM_2052,MM_2052
mtbC2:MM_2961,MM_2961
mtbC3:MM_1687,MM_1687
mttC1:MM_1690,MM_1690
mttC2:MM_2047,MM_2047
rps10:MM_2263,MM_2263
rps27e:MM_1808,MM_1808
mtrH:MM_1540,MM_1540
cdhB1:MM_2088,MM_2088
cdhB2:MM_0685,MM_0685
atpG:ahaG:MM_0777.1,MM_0777.1
cdhD1:MM_0688:cdhD2:MM_2085,MM_0688
cdhD1:MM_0688:cdhD2:MM_2085,MM_2085
nirH:MM_1728:MM_1739,MM_1728
nirH:MM_1728:MM_1739,MM_1739
MM_3326,MM_3326
trpF2:MM_3314,MM_3314
uvrC:MM_3290,MM_3290
MM_3283,MM_3283
MM_3270,MM_3270
cas1:MM_3249,MM_3249
ppcA:MM_3212,MM_3212
dtdA:MM_3190,MM_3190
MM_3141,MM_3141
htpX2:MM_3134,MM_3134
pncB:MM_3086,MM_3086
MM_3081,MM_3081
MM_3074,MM_3074
MM_3045,MM_3045
MM_3016,MM_3016
MM_3000,MM_3000
MM_2976,MM_2976
MM_2965,MM_2965
MM_2955,MM_2955
ade:MM_2910,MM_2910
MM_2830,MM_2830
trpC:MM_2823,MM_2823
trpB1:MM_2822,MM_2822
trpA:MM_2821,MM_2821
trpD:MM_2820,MM_2820
trpF1:MM_2819,MM_2819
trpE:MM_2818,MM_2818
MM_2805,MM_2805
MM_2791,MM_2791
MM_2788,MM_2788
MM_2777,MM_2777
MM_2740,MM_2740
MM_2733,MM_2733
marC:MM_2731,MM_2731
MM_2723,MM_2723
engB:MM_2715,MM_2715
MM_2713,MM_2713
MM_2705,MM_2705
MM_2675,MM_2675
MM_2657,MM_2657
MM_2656,MM_2656
mch:MM_2653,MM_2653
MM_2645,MM_2645
corA:MM_2640,MM_2640
MM_2634,MM_2634
MM_2629,MM_2629
rrp42:MM_2624,MM_2624
rrp41:MM_2623,MM_2623
rrp4:MM_2622,MM_2622
psmA:MM_2620,MM_2620
rnp2:MM_2619,MM_2619
rnp3:MM_2618,MM_2618
rpl15e:MM_2616,MM_2616
tat:tatC:MM_2586,MM_2586
tatC:MM_2585,MM_2585
tatA:MM_2583,MM_2583
MM_2557,MM_2557
MM_2542,MM_2542
MM_2541,MM_2541
MM_2540,MM_2540
rpo4:rpoF:MM_2537,MM_2537
rpl21e:MM_2536,MM_2536
pus10:MM_2535,MM_2535
trmY:MM_2534,MM_2534
trm1:MM_2528,MM_2528
ef1b:MM_2514,MM_2514
cofC:MM_2497,MM_2497
rps28e:MM_2466,MM_2466
rpl24e:MM_2465,MM_2465
infB:MM_2463,MM_2463
rps6e:MM_2462,MM_2462
mtsB:MM_2428,MM_2428
MM_2423,MM_2423
msrA:MM_2399,MM_2399
MM_2387,MM_2387
hisE:MM_2372,MM_2372
dphB:MM_2355,MM_2355
EIF-1A:eif1a:MM_2339,MM_2339
eIF1A2:MM_2336,MM_2336
MM_2328,MM_2328
eche:MM_2324,MM_2324
hypA:MM_2317,MM_2317
vhoG:MM_2314,MM_2314
vhoA:MM_2313,MM_2313
argH:MM_2307,MM_2307
MM_2294,MM_2294
MM_2292,MM_2292
MM_2282,MM_2282
MM_2278,MM_2278
MM_2273,MM_2273
MM_2272,MM_2272
rpo1C:rpoA2:MM_2270,MM_2270
rpl30e:MM_2269,MM_2269
nusA:MM_2268,MM_2268
rps12:MM_2267,MM_2267
rps7:MM_2266,MM_2266
fusA:MM_2265,MM_2265
tuf:MM_2264,MM_2264
MM_2243,MM_2243
MM_2216,MM_2216
MM_2210,MM_2210
MM_2204,MM_2204
MM_2198,MM_2198
rad50:MM_2194,MM_2194
tbp3:MM_2184,MM_2184
MM_2182,MM_2182
MM_2175,MM_2175
vhtG:MM_2169,MM_2169
rps11:MM_2157,MM_2157
rps4:MM_2156,MM_2156
rps13:MM_2155,MM_2155
purE:MM_2149,MM_2149
secY:MM_2147,MM_2147
rpl15:MM_2146,MM_2146
rpl30:MM_2145,MM_2145
rps5:MM_2144,MM_2144
rpl18:MM_2143,MM_2143
rpl19e:MM_2142,MM_2142
rpl32e:MM_2141,MM_2141
rpl6:MM_2140,MM_2140
rps8:MM_2139,MM_2139
rps14:MM_2138,MM_2138
rpl5:MM_2137,MM_2137
rps4e:MM_2136,MM_2136
rpl24:MM_2135,MM_2135
rpl14:MM_2134,MM_2134
rps17:MM_2133,MM_2133
rnp1:MM_2132,MM_2132
rpl29:MM_2131,MM_2131
rps3:MM_2130,MM_2130
rpl22:MM_2129,MM_2129
rps19:MM_2128,MM_2128
rpl2:MM_2127,MM_2127
rpl23:MM_2126,MM_2126
rpl4:MM_2125,MM_2125
rpl3:MM_2124,MM_2124
iorB:MM_2094,MM_2094
dys1:MM_2082,MM_2082
MM_2070,MM_2070
rps15:MM_2066,MM_2066
hisS:MM_2061,MM_2061
MM_2060,MM_2060
cobD:MM_2059,MM_2059
rps8e:MM_2039,MM_2039
nac:MM_2015,MM_2015
eIF1A1:MM_2014,MM_2014
MM_2013,MM_2013
pyrC:MM_2011,MM_2011
phoU:MM_2010,MM_2010
pstC:MM_2006,MM_2006
MM_2004,MM_2004
MM_1996,MM_1996
MM_1980,MM_1980
MM_1978,MM_1978
MM_1974,MM_1974
MM_1968,MM_1968
mdh:MM_1966,MM_1966
MM_1964,MM_1964
MM_1950,MM_1950
MM_1913,MM_1913
cysS:MM_1911,MM_1911
MM_1894,MM_1894
MM_1881,MM_1881
csl4:MM_1879,MM_1879
dph2:MM_1877,MM_1877
vdcB:ubiX:MM_1871,MM_1871
MM_1836,MM_1836
rfcS:MM_1821,MM_1821
MM_1820,MM_1820
dacZ:MM_1818,MM_1818
pelA:MM_1815,MM_1815
priS:priA:MM_1811,MM_1811
MM_1800,MM_1800
groES:groS:MM_1797,MM_1797
MM_1770,MM_1770
MM_1767,MM_1767
rnj:MM_1766,MM_1766
MM_1763,MM_1763
rps2:MM_1760,MM_1760
rpo6:rpoK:MM_1759,MM_1759
rps9:MM_1757,MM_1757
rpl13:MM_1756,MM_1756
rpl18e:MM_1755,MM_1755
MM_1753,MM_1753
gltX:MM_1749,MM_1749
hemL:MM_1743,MM_1743
MM_1742,MM_1742
MM_1740,MM_1740
nirD:MM_1727,MM_1727
pcm:MM_1706,MM_1706
MM_1699,MM_1699
lysS1:lysS:MM_1696,MM_1696
mutS:MM_1683,MM_1683
mutL:MM_1682,MM_1682
cbiD:MM_1681,MM_1681
MM_1661,MM_1661
mgtE:MM_1660,MM_1660
msrB:MM_1634,MM_1634
dut:MM_1628,MM_1628
MM_1606,MM_1606
MM_1592,MM_1592
MM_1577,MM_1577
fmdB:MM_1569,MM_1569
fmdC:MM_1567,MM_1567
srp19:MM_1557,MM_1557
rtcB:MM_1538,MM_1538
MM_1537,MM_1537
MM_1535,MM_1535
MM_1527,MM_1527
MM_1521,MM_1521
nifS:MM_1517,MM_1517
fdhD:MM_1506,MM_1506
hisB:MM_1505,MM_1505
hisA:MM_1504,MM_1504
leuD:MM_1490,MM_1490
rpl10e:MM_1476,MM_1476
eif2b:MM_1475,MM_1475
trpS:MM_1471,MM_1471
secD:MM_1425,MM_1425
secF:MM_1424,MM_1424
apgM:MM_1418,MM_1418
MM_1417,MM_1417
hisC:MM_1405,MM_1405
MM_1401,MM_1401
MM_1398,MM_1398
pcn:MM_1397,MM_1397
priL:priB:MM_1396,MM_1396
surE:MM_1391,MM_1391
MM_1388,MM_1388
cdc6-2:MM_1378,MM_1378
mutS:mutS2:MM_1374,MM_1374
secG:MM_1372,MM_1372
MM_1371,MM_1371
radB:MM_1369,MM_1369
argS:MM_1348,MM_1348
prf1:MM_1347,MM_1347
cheA:MM_1325,MM_1325
cheD2:MM_1322,MM_1322
ftr:MM_1321,MM_1321
MM_1318,MM_1318
cdc6-1:MM_1314,MM_1314
kptA:MM_1298,MM_1298
rtcA:MM_1297,MM_1297
MM_1287,MM_1287
aroB:MM_1272,MM_1272
guaAA:MM_1270,MM_1270
srp54:MM_1267,MM_1267
MM_1248,MM_1248
MM_1244,MM_1244
MM_1241,MM_1241
thyA:MM_1237,MM_1237
htpX1:MM_1236,MM_1236
gatB:MM_1228,MM_1228
gatA:MM_1227,MM_1227
gatC:MM_1226,MM_1226
mptA:MM_1222,MM_1222
guaAB:MM_1218,MM_1218
recQ:MM_1217,MM_1217
pyrB:MM_1213,MM_1213
pyrI:MM_1212,MM_1212
rps17e:MM_1200,MM_1200
MM_1172,MM_1172
MM_1169,MM_1169
MM_1159,MM_1159
MM_1154,MM_1154
MM_1133,MM_1133
MM_1132,MM_1132
mfnB:MM_1114,MM_1114
tmk:MM_1111,MM_1111
mtd:MM_1108,MM_1108
MM_1107,MM_1107
mtaA:MM_1070,MM_1070
MM_1038,MM_1038
MM_1037,MM_1037
tbp2:MM_1028,MM_1028
tbp1:MM_1027,MM_1027
rpl12:MM_1014,MM_1014
rpl10:rplP0:MM_1013,MM_1013
rpl1:MM_1012,MM_1012
rpl11:MM_1011,MM_1011
spt5:MM_1010,MM_1010
secE:MM_1009,MM_1009
ftsZ:MM_1008,MM_1008
cbiT:MM_1000,MM_1000
MM_0990,MM_0990
MM_0967,MM_0967
MM_0941,MM_0941
ablB:MM_0935,MM_0935
eif5a:MM_0922,MM_0922
MM_0921,MM_0921
MM_0905,MM_0905
MM_0898,MM_0898
MM_0887,MM_0887
MM_0856,MM_0856
purC:MM_0855,MM_0855
MM_0852,MM_0852
MM_0842,MM_0842
crcB2:MM_0829,MM_0829
crcB1:MM_0828,MM_0828
MM_0826,MM_0826
MM_0821,MM_0821
proA:MM_0819,MM_0819
proC:MM_0817,MM_0817
ftsY:MM_0810,MM_0810
pfdA:MM_0809,MM_0809
rpl18a:rpl20e:rplX:MM_0808,MM_0808
eif6:MM_0807,MM_0807
rpl31e:MM_0806,MM_0806
rpl39e:MM_0805,MM_0805
rps19e:MM_0802,MM_0802
MM_0798,MM_0798
hypF:MM_0777,MM_0777
MM_0747,MM_0747
nifE:MM_0724,MM_0724
MM_0723,MM_0723
MM_0722,MM_0722
MM_0715,MM_0715
proS:MM_0707,MM_0707
ftsZ:MM_0697,MM_0697
tfe:MM_0692,MM_0692
pfdB:MM_0674,MM_0674
MM_0670,MM_0670
MM_0666,MM_0666
MM_0661,MM_0661
MM_0660,MM_0660
gmd:MM_0659,MM_0659
MM_0647,MM_0647
MM_0646,MM_0646
mntP:MM_0643,MM_0643
MM_0639,MM_0639
MM_0626,MM_0626
MM_0625,MM_0625
MM_0612,MM_0612
rps27ae:MM_0600,MM_0600
rps24e:MM_0599,MM_0599
MM_0598,MM_0598
spt4:MM_0597,MM_0597
phoU:MM_0576,MM_0576
MM_0561,MM_0561
cas1:MM_0559,MM_0559
cas2:MM_0558,MM_0558
MM_0557,MM_0557
endA:MM_0512,MM_0512
hflX:MM_0510,MM_0510
MM_0486,MM_0486
pgk:MM_0485,MM_0485
MM_0468,MM_0468
cbiM:MM_0465,MM_0465
cbiN:MM_0464,MM_0464
MM_0462,MM_0462
coaD:MM_0458,MM_0458
radA:MM_0457,MM_0457
MM_0456,MM_0456
tiaS:MM_0445,MM_0445
MM_0444,MM_0444
MM_0431,MM_0431
MM_0429,MM_0429
MM_0418,MM_0418
MM_0387,MM_0387
MM_0357,MM_0357
rpl37e:MM_0340,MM_0340
trpB2:MM_0337,MM_0337
MM_0335,MM_0335
cheA:MM_0328,MM_0328
cheD1:MM_0326,MM_0326
MM_0323,MM_0323
MM_0322,MM_0322
MM_0302,MM_0302
MM_0299,MM_0299
dys2:MM_0287,MM_0287
leuS:MM_0283,MM_0283
MM_0282,MM_0282
mtxH:MM_0256,MM_0256
mtxA:MM_0255,MM_0255
mtxX:MM_0254,MM_0254
rfcL:MM_0253,MM_0253
MM_0245,MM_0245
ribH:MM_0244,MM_0244
MM_0201,MM_0201
MM_0190,MM_0190
rps3ae:MM_0184,MM_0184
MM_0183,MM_0183
cbiZ:MM_0173,MM_0173
pyrE:MM_0142,MM_0142
carS:MM_0141,MM_0141
MM_0133,MM_0133
pth:MM_0112,MM_0112
ala:MM_0097,MM_0097
cobQ:MM_0093,MM_0093
MM_0086,MM_0086
MM_0059,MM_0059
MM_0057,MM_0057
gatE:MM_0050,MM_0050
MM_0028,MM_0028
MM_1855,MM_1855
vhtC:MM_2171,MM_2171
MM_1857,MM_1857
vhoC:MM_2312,MM_2312
otaC:MM_0042,MM_0042
vhtD:MM_2172,MM_2172
MM_0784,MM_0784
MM_1856,MM_1856
MM_0393,MM_0393
MM_1192:MM_3027,MM_1192
MM_1192:MM_3027,MM_3027
MM_0815:MM_0982:MM_1735,MM_0815
MM_0815:MM_0982:MM_1735,MM_0982
MM_0815:MM_0982:MM_1735,MM_1735
MM_1198:MM_2647,MM_1198
MM_1198:MM_2647,MM_2647
MM_0355:MM_1884:MM_2304:MM_2439:MM_2799:MM_2906,MM_0355
MM_0355:MM_1884:MM_2304:MM_2439:MM_2799:MM_2906,MM_1884
MM_0355:MM_1884:MM_2304:MM_2439:MM_2799:MM_2906,MM_2304
MM_0355:MM_1884:MM_2304:MM_2439:MM_2799:MM_2906,MM_2439
MM_0355:MM_1884:MM_2304:MM_2439:MM_2799:MM_2906,MM_2799
MM_0355:MM_1884:MM_2304:MM_2439:MM_2799:MM_2906,MM_2906
MM_1987:MM_2238,MM_1987
MM_1987:MM_2238,MM_2238
MM_2507:MM_2509:MM_3265,MM_2507
MM_2507:MM_2509:MM_3265,MM_2509
MM_2507:MM_2509:MM_3265,MM_3265
MM_0926:MM_1300:MM_1888,MM_0926
MM_0926:MM_1300:MM_1888,MM_1300
MM_0926:MM_1300:MM_1888,MM_1888
MM_2165:MM_3236,MM_2165
MM_2165:MM_3236,MM_3236
MM_0711:MM_0771:MM_3167,MM_0711
MM_0711:MM_0771:MM_3167,MM_0771
MM_0711:MM_0771:MM_3167,MM_3167
MM_0397:MM_1786:MM_2437,MM_0397
MM_0397:MM_1786:MM_2437,MM_1786
MM_0397:MM_1786:MM_2437,MM_2437
MM_0191:MM_0509,MM_0191
MM_0191:MM_0509,MM_0509
MM_0881:MM_1573,MM_0881
MM_0881:MM_1573,MM_1573
MM_1043:MM_2901:MM_2905:MM_3229:MM_3343,MM_1043
MM_1043:MM_2901:MM_2905:MM_3229:MM_3343,MM_2901
MM_1043:MM_2901:MM_2905:MM_3229:MM_3343,MM_2905
MM_1043:MM_2901:MM_2905:MM_3229:MM_3343,MM_3229
MM_1043:MM_2901:MM_2905:MM_3229:MM_3343,MM_3343
MM_0396:MM_1787:MM_2436,MM_0396
MM_0396:MM_1787:MM_2436,MM_1787
MM_0396:MM_1787:MM_2436,MM_2436
MM_1044:MM_2230:MM_2902:MM_2904:MM_3228:MM_3344,MM_1044
MM_1044:MM_2230:MM_2902:MM_2904:MM_3228:MM_3344,MM_2230
MM_1044:MM_2230:MM_2902:MM_2904:MM_3228:MM_3344,MM_2902
MM_1044:MM_2230:MM_2902:MM_2904:MM_3228:MM_3344,MM_2904
MM_1044:MM_2230:MM_2902:MM_2904:MM_3228:MM_3344,MM_3228
MM_1044:MM_2230:MM_2902:MM_2904:MM_3228:MM_3344,MM_3344
MM_0052:MM_1679:MM_2837,MM_0052
MM_0052:MM_1679:MM_2837,MM_1679
MM_0052:MM_1679:MM_2837,MM_2837
MM_0522:MM_1930:MM_2579,MM_0522
MM_0522:MM_1930:MM_2579,MM_1930
MM_0522:MM_1930:MM_2579,MM_2579
MM_0739:MM_1260:MM_1624:MM_1832:MM_2430:MM_2588:MM_2690:MM_3160:MM_3245,MM_0739
MM_0739:MM_1260:MM_1624:MM_1832:MM_2430:MM_2588:MM_2690:MM_3160:MM_3245,MM_1260
MM_0739:MM_1260:MM_1624:MM_1832:MM_2430:MM_2588:MM_2690:MM_3160:MM_3245,MM_1624
MM_0739:MM_1260:MM_1624:MM_1832:MM_2430:MM_2588:MM_2690:MM_3160:MM_3245,MM_1832
MM_0739:MM_1260:MM_1624:MM_1832:MM_2430:MM_2588:MM_2690:MM_3160:MM_3245,MM_2430
MM_0739:MM_1260:MM_1624:MM_1832:MM_2430:MM_2588:MM_2690:MM_3160:MM_3245,MM_2588
MM_0739:MM_1260:MM_1624:MM_1832:MM_2430:MM_2588:MM_2690:MM_3160:MM_3245,MM_2690
MM_0739:MM_1260:MM_1624:MM_1832:MM_2430:MM_2588:MM_2690:MM_3160:MM_3245,MM_3160
MM_0739:MM_1260:MM_1624:MM_1832:MM_2430:MM_2588:MM_2690:MM_3160:MM_3245,MM_3245
MM_2390:MM_2450:MM_2530,MM_2390
MM_2390:MM_2450:MM_2530,MM_2450
MM_2390:MM_2450:MM_2530,MM_2530
MM_1729:MM_3037,MM_1729
MM_1729:MM_3037,MM_3037
MM_0022:MM_0031,MM_0022
MM_0022:MM_0031,MM_0031
MM_1988:MM_2239,MM_1988
MM_1988:MM_2239,MM_2239
MM_1730:MM_3038,MM_1730
MM_1730:MM_3038,MM_3038
MM_0740:MM_1259:MM_1623:MM_1831:MM_2429:MM_2589:MM_2689:MM_3161:MM_3246,MM_0740
MM_0740:MM_1259:MM_1623:MM_1831:MM_2429:MM_2589:MM_2689:MM_3161:MM_3246,MM_1259
MM_0740:MM_1259:MM_1623:MM_1831:MM_2429:MM_2589:MM_2689:MM_3161:MM_3246,MM_1623
MM_0740:MM_1259:MM_1623:MM_1831:MM_2429:MM_2589:MM_2689:MM_3161:MM_3246,MM_1831
MM_0740:MM_1259:MM_1623:MM_1831:MM_2429:MM_2589:MM_2689:MM_3161:MM_3246,MM_2429
MM_0740:MM_1259:MM_1623:MM_1831:MM_2429:MM_2589:MM_2689:MM_3161:MM_3246,MM_2589
MM_0740:MM_1259:MM_1623:MM_1831:MM_2429:MM_2589:MM_2689:MM_3161:MM_3246,MM_2689
MM_0740:MM_1259:MM_1623:MM_1831:MM_2429:MM_2589:MM_2689:MM_3161:MM_3246,MM_3161
MM_0740:MM_1259:MM_1623:MM_1831:MM_2429:MM_2589:MM_2689:MM_3161:MM_3246,MM_3246
MM_3371,MM_3371
MM_3370,MM_3370
MM_3369,MM_3369
MM_3368,MM_3368
MM_3367,MM_3367
MM_3366,MM_3366
MM_3365,MM_3365
MM_3364,MM_3364
MM_3363,MM_3363
MM_3362,MM_3362
MM_3361,MM_3361
MM_3360,MM_3360
MM_3359,MM_3359
MM_3358,MM_3358
MM_3357,MM_3357
MM_3356,MM_3356
MM_3355,MM_3355
MM_3354,MM_3354
MM_3353,MM_3353
MM_3352,MM_3352
MM_3351,MM_3351
MM_3350,MM_3350
MM_3349,MM_3349
MM_3348,MM_3348
MM_3347,MM_3347
MM_3346,MM_3346
MM_3345,MM_3345
MM_3342,MM_3342
MM_3341,MM_3341
MM_3340,MM_3340
MM_3339,MM_3339
MM_3338,MM_3338
MM_3337,MM_3337
MM_3333,MM_3333
MM_3332,MM_3332
MM_3331,MM_3331
MM_3330,MM_3330
MM_3329,MM_3329
MM_3328,MM_3328
MM_3327,MM_3327
MM_3325,MM_3325
oppD:MM_3324,MM_3324
oppF:MM_3323,MM_3323
MM_3322,MM_3322
oppB:MM_3321,MM_3321
oppC:MM_3320,MM_3320
MM_3319,MM_3319
MM_3318,MM_3318
MM_3317,MM_3317
MM_3316,MM_3316
MM_3315,MM_3315
MM_3313,MM_3313
MM_3312,MM_3312
MM_3311,MM_3311
MM_3310,MM_3310
MM_3309,MM_3309
MM_3308,MM_3308
MM_3307,MM_3307
MM_3306,MM_3306
MM_3305,MM_3305
MM_3303,MM_3303
MM_3302,MM_3302
MM_3301,MM_3301
MM_3300,MM_3300
MM_3299,MM_3299
MM_3298,MM_3298
MM_3297,MM_3297
MM_3296,MM_3296
MM_3295,MM_3295
MM_3294,MM_3294
MM_3293,MM_3293
MM_3292,MM_3292
MM_3288,MM_3288
MM_3287,MM_3287
MM_3286,MM_3286
MM_3285,MM_3285
MM_3284,MM_3284
MM_3282,MM_3282
MM_3281,MM_3281
MM_3280,MM_3280
MM_3279,MM_3279
MM_3278,MM_3278
MM_3277,MM_3277
MM_3276,MM_3276
MM_3275,MM_3275
MM_3274,MM_3274
MM_3273,MM_3273
MM_3272,MM_3272
MM_3271,MM_3271
MM_3269,MM_3269
MM_3268,MM_3268
MM_3267,MM_3267
MM_3266,MM_3266
MM_3264,MM_3264
azlD:MM_3263,MM_3263
azlC:MM_3262,MM_3262
MM_3261,MM_3261
MM_3260,MM_3260
MM_3259,MM_3259
MM_3258,MM_3258
MM_3257,MM_3257
MM_3256,MM_3256
MM_3255,MM_3255
MM_3254,MM_3254
MM_3253,MM_3253
MM_3252,MM_3252
MM_3251,MM_3251
MM_3250,MM_3250
MM_3248,MM_3248
MM_3247,MM_3247
MM_3244,MM_3244
MM_3243,MM_3243
MM_3242,MM_3242
MM_3241,MM_3241
syrB:MM_3240,MM_3240
MM_3239,MM_3239
MM_3238,MM_3238
MM_3237,MM_3237
MM_3233,MM_3233
MM_3232,MM_3232
MM_3231,MM_3231
MM_3230,MM_3230
MM_3227,MM_3227
MM_3226,MM_3226
MM_3225,MM_3225
MM_3224,MM_3224
MM_3223,MM_3223
MM_3222,MM_3222
MM_3221,MM_3221
MM_3220,MM_3220
MM_3219,MM_3219
MM_3218,MM_3218
MM_3217,MM_3217
MM_3216,MM_3216
MM_3215,MM_3215
MM_3214,MM_3214
MM_3211,MM_3211
MM_3209,MM_3209
MM_3208,MM_3208
MM_3207,MM_3207
MM_3206,MM_3206
MM_3205,MM_3205
MM_3204,MM_3204
MM_3203,MM_3203
MM_3202,MM_3202
MM_3201,MM_3201
MM_3200,MM_3200
MM_3199,MM_3199
MM_3198,MM_3198
MM_3197,MM_3197
MM_3196,MM_3196
MM_3195,MM_3195
MM_3194,MM_3194
MM_3193,MM_3193
MM_3192,MM_3192
MM_3191,MM_3191
MM_3189,MM_3189
MM_3188,MM_3188
MM_3187,MM_3187
MM_3186,MM_3186
MM_3185,MM_3185
MM_3184,MM_3184
vorA:MM_3183,MM_3183
vorB:MM_3182,MM_3182
vorC:MM_3181,MM_3181
MM_3180,MM_3180
MM_3179,MM_3179
MM_3178,MM_3178
MM_3177,MM_3177
MM_3176,MM_3176
MM_3175,MM_3175
MM_3174,MM_3174
MM_3173,MM_3173
MM_3172,MM_3172
MM_3171,MM_3171
MM_3170,MM_3170
MM_3169,MM_3169
MM_3168,MM_3168
MM_3166,MM_3166
MM_3165,MM_3165
MM_3164,MM_3164
MM_3163,MM_3163
MM_3162,MM_3162
MM_3159,MM_3159
MM_3158,MM_3158
MM_3157,MM_3157
MM_3156,MM_3156
MM_3155,MM_3155
MM_3154,MM_3154
MM_3153,MM_3153
MM_3152,MM_3152
MM_3151,MM_3151
MM_3149,MM_3149
MM_3148,MM_3148
MM_3147,MM_3147
MM_3146,MM_3146
MM_3145,MM_3145
MM_3144,MM_3144
MM_3143,MM_3143
MM_3142,MM_3142
MM_3140,MM_3140
MM_3139,MM_3139
MM_3138,MM_3138
MM_3137,MM_3137
MM_3136,MM_3136
MM_3135,MM_3135
MM_3133,MM_3133
MM_3132,MM_3132
MM_3131,MM_3131
MM_3130,MM_3130
MM_3129,MM_3129
MM_3128,MM_3128
MM_3127,MM_3127
MM_3126,MM_3126
MM_3125,MM_3125
MM_3124,MM_3124
MM_3123,MM_3123
MM_3122,MM_3122
MM_3121,MM_3121
MM_3120,MM_3120
MM_3119,MM_3119
MM_3117,MM_3117
MM_3116,MM_3116
MM_3115,MM_3115
MM_3114,MM_3114
MM_3113,MM_3113
MM_3112,MM_3112
MM_3111,MM_3111
MM_3110,MM_3110
MM_3109,MM_3109
MM_3108,MM_3108
MM_3107,MM_3107
MM_3106,MM_3106
MM_3105,MM_3105
MM_3104,MM_3104
MM_3103,MM_3103
MM_3102,MM_3102
MM_3101,MM_3101
MM_3100,MM_3100
MM_3099,MM_3099
MM_3098,MM_3098
MM_3097,MM_3097
MM_3096,MM_3096
MM_3095,MM_3095
MM_3094,MM_3094
MM_3093,MM_3093
MM_3092,MM_3092
MM_3091,MM_3091
MM_3090,MM_3090
MM_3089,MM_3089
MM_3088,MM_3088
MM_3087,MM_3087
MM_3085,MM_3085
MM_3084,MM_3084
MM_3083,MM_3083
MM_3082,MM_3082
MM_3080,MM_3080
MM_3079,MM_3079
MM_3078,MM_3078
syrB:MM_3077,MM_3077
MM_3075,MM_3075
MM_3073,MM_3073
MM_3072,MM_3072
MM_3071,MM_3071
MM_3070,MM_3070
MM_3069,MM_3069
MM_3068,MM_3068
MM_3067,MM_3067
MM_3066,MM_3066
MM_3065,MM_3065
MM_3064,MM_3064
MM_3063,MM_3063
MM_3062,MM_3062
MM_3061,MM_3061
MM_3060,MM_3060
MM_3059,MM_3059
MM_3058,MM_3058
MM_3057,MM_3057
comA:MM_3056,MM_3056
MM_3055,MM_3055
MM_3054,MM_3054
MM_3053,MM_3053
MM_3052,MM_3052
MM_3051,MM_3051
MM_3050,MM_3050
MM_3049,MM_3049
MM_3048,MM_3048
MM_3047,MM_3047
MM_3046,MM_3046
MM_3044,MM_3044
MM_3043,MM_3043
MM_3042,MM_3042
MM_3041,MM_3041
MM_3040,MM_3040
MM_3039,MM_3039
MM_3036,MM_3036
MM_3035,MM_3035
MM_3034,MM_3034
MM_3033,MM_3033
MM_3032,MM_3032
MM_3031,MM_3031
MM_3030,MM_3030
MM_3029,MM_3029
MM_3028,MM_3028
MM_3026,MM_3026
MM_3025,MM_3025
MM_3024,MM_3024
MM_3023,MM_3023
MM_3022,MM_3022
MM_3021,MM_3021
MM_3020,MM_3020
MM_3019,MM_3019
MM_3018,MM_3018
MM_3017,MM_3017
MM_3015,MM_3015
MM_3014,MM_3014
MM_3013,MM_3013
MM_3012,MM_3012
MM_3011,MM_3011
cutA:MM_3010,MM_3010
MM_3009,MM_3009
MM_3008,MM_3008
syrB:MM_3007,MM_3007
MM_3006,MM_3006
MM_3005,MM_3005
MM_3004,MM_3004
MM_3003,MM_3003
MM_3002,MM_3002
MM_3001,MM_3001
MM_2999,MM_2999
MM_2998,MM_2998
MM_2997,MM_2997
MM_2996,MM_2996
MM_2995,MM_2995
MM_2994,MM_2994
MM_2992,MM_2992
MM_2991,MM_2991
MM_2990,MM_2990
MM_2989,MM_2989
MM_2988,MM_2988
MM_2987,MM_2987
MM_2986,MM_2986
MM_2985,MM_2985
MM_2984,MM_2984
MM_2983,MM_2983
MM_2982,MM_2982
MM_2981,MM_2981
MM_2980,MM_2980
MM_2979,MM_2979
MM_2978,MM_2978
MM_2977,MM_2977
MM_2975,MM_2975
MM_2974,MM_2974
MM_2973,MM_2973
MM_2972,MM_2972
MM_2971,MM_2971
MM_2970,MM_2970
MM_2969,MM_2969
MM_2966,MM_2966
mtbP:MM_2964,MM_2964
MM_2960,MM_2960
MM_2959,MM_2959
MM_2958,MM_2958
MM_2957,MM_2957
MM_2956,MM_2956
MM_2954,MM_2954
MM_2953,MM_2953
MM_2952,MM_2952
MM_2951,MM_2951
MM_2950,MM_2950
MM_2949,MM_2949
MM_2948,MM_2948
MM_2947,MM_2947
MM_2946,MM_2946
MM_2945,MM_2945
MM_2944,MM_2944
MM_2943,MM_2943
MM_2942,MM_2942
MM_2941,MM_2941
MM_2940,MM_2940
MM_2939,MM_2939
MM_2938,MM_2938
MM_2937,MM_2937
MM_2936,MM_2936
MM_2935,MM_2935
MM_2934,MM_2934
MM_2933,MM_2933
MM_2932,MM_2932
MM_2931,MM_2931
MM_2930,MM_2930
MM_2929,MM_2929
MM_2928,MM_2928
MM_2927,MM_2927
MM_2926,MM_2926
MM_2925,MM_2925
MM_2924,MM_2924
MM_2923,MM_2923
MM_2922,MM_2922
MM_2921,MM_2921
MM_2920,MM_2920
MM_2919,MM_2919
MM_2918,MM_2918
MM_2917,MM_2917
MM_2916,MM_2916
MM_2915,MM_2915
MM_2914,MM_2914
MM_2912,MM_2912
MM_2909,MM_2909
MM_2908,MM_2908
MM_2907,MM_2907
MM_2903,MM_2903
MM_2900,MM_2900
MM_2899,MM_2899
MM_2898,MM_2898
MM_2897,MM_2897
MM_2896,MM_2896
MM_2895,MM_2895
MM_2894,MM_2894
MM_2893,MM_2893
MM_2892,MM_2892
MM_2891,MM_2891
MM_2890,MM_2890
MM_2889,MM_2889
MM_2888,MM_2888
MM_2887,MM_2887
MM_2886,MM_2886
MM_2885,MM_2885
MM_2884,MM_2884
MM_2883,MM_2883
MM_2882,MM_2882
MM_2881,MM_2881
MM_2880,MM_2880
MM_2879,MM_2879
MM_2878,MM_2878
MM_2877,MM_2877
MM_2875,MM_2875
MM_2874,MM_2874
MM_2873,MM_2873
MM_2872,MM_2872
MM_2871,MM_2871
MM_2870,MM_2870
MM_2869,MM_2869
MM_2868,MM_2868
MM_2867,MM_2867
MM_2866,MM_2866
MM_2865,MM_2865
MM_2864,MM_2864
MM_2863,MM_2863
MM_2862,MM_2862
MM_2861,MM_2861
MM_2860,MM_2860
MM_2859,MM_2859
MM_2858,MM_2858
MM_2857,MM_2857
MM_2856,MM_2856
MM_2855,MM_2855
MM_2854,MM_2854
MM_2853,MM_2853
MM_2852,MM_2852
MM_2851,MM_2851
MM_2850,MM_2850
MM_2849,MM_2849
MM_2848,MM_2848
MM_2847,MM_2847
MM_2846,MM_2846
MM_2845,MM_2845
MM_2844,MM_2844
MM_2843,MM_2843
MM_2842,MM_2842
MM_2841,MM_2841
MM_2840,MM_2840
MM_2839,MM_2839
MM_2838,MM_2838
MM_2835,MM_2835
MM_2834,MM_2834
MM_2833,MM_2833
MM_2832,MM_2832
MM_2831,MM_2831
MM_2829,MM_2829
MM_2828,MM_2828
MM_2827,MM_2827
MM_2826,MM_2826
MM_2825,MM_2825
MM_2824,MM_2824
MM_2817,MM_2817
MM_2816,MM_2816
MM_2815,MM_2815
MM_2813,MM_2813
MM_2811,MM_2811
MM_2810,MM_2810
MM_2809,MM_2809
MM_2808,MM_2808
MM_2804,MM_2804
cooC:MM_2803,MM_2803
MM_2802,MM_2802
MM_2801,MM_2801
MM_2800,MM_2800
MM_2798,MM_2798
MM_2797,MM_2797
MM_2796,MM_2796
MM_2795,MM_2795
MM_2794,MM_2794
MM_2792,MM_2792
MM_2790,MM_2790
MM_2789,MM_2789
MM_2787,MM_2787
MM_2786,MM_2786
MM_2783,MM_2783
MM_2781,MM_2781
MM_2780,MM_2780
MM_2779,MM_2779
MM_2778,MM_2778
MM_2776,MM_2776
MM_2775,MM_2775
MM_2774,MM_2774
MM_2773,MM_2773
MM_2772,MM_2772
MM_2771,MM_2771
MM_2770,MM_2770
MM_2769,MM_2769
MM_2768,MM_2768
MM_2767,MM_2767
MM_2766,MM_2766
MM_2765,MM_2765
MM_2764,MM_2764
MM_2763,MM_2763
MM_2762,MM_2762
MM_2761,MM_2761
MM_2760,MM_2760
MM_2759,MM_2759
MM_2758,MM_2758
MM_2757,MM_2757
MM_2756,MM_2756
MM_2755,MM_2755
MM_2754,MM_2754
MM_2753,MM_2753
MM_2752,MM_2752
MM_2751,MM_2751
MM_2750,MM_2750
MM_2749,MM_2749
MM_2748,MM_2748
MM_2747,MM_2747
MM_2746,MM_2746
MM_2745,MM_2745
MM_2744,MM_2744
MM_2743,MM_2743
MM_2742,MM_2742
MM_2741,MM_2741
MM_2739,MM_2739
MM_2738,MM_2738
MM_2737,MM_2737
MM_2736,MM_2736
MM_2735,MM_2735
MM_2734,MM_2734
MM_2732,MM_2732
MM_2730,MM_2730
MM_2729,MM_2729
MM_2728,MM_2728
MM_2727,MM_2727
MM_2726,MM_2726
MM_2725,MM_2725
MM_2724,MM_2724
MM_2722,MM_2722
MM_2721,MM_2721
MM_2720,MM_2720
MM_2719,MM_2719
MM_2718,MM_2718
MM_2717,MM_2717
MM_2716,MM_2716
MM_2712,MM_2712
MM_2711,MM_2711
MM_2710,MM_2710
MM_2709,MM_2709
MM_2708,MM_2708
MM_2707,MM_2707
MM_2706,MM_2706
MM_2704,MM_2704
MM_2703,MM_2703
MM_2702,MM_2702
MM_2701,MM_2701
MM_2700,MM_2700
MM_2699,MM_2699
MM_2698,MM_2698
MM_2697,MM_2697
MM_2696,MM_2696
MM_2695,MM_2695
MM_2694,MM_2694
MM_2693,MM_2693
MM_2692,MM_2692
MM_2691,MM_2691
MM_2688,MM_2688
MM_2687,MM_2687
MM_2686,MM_2686
MM_2685,MM_2685
MM_2684,MM_2684
MM_2683,MM_2683
MM_2682,MM_2682
MM_2681,MM_2681
MM_2680,MM_2680
MM_2679,MM_2679
MM_2678,MM_2678
MM_2677,MM_2677
MM_2676,MM_2676
MM_2674,MM_2674
MM_2673,MM_2673
MM_2672,MM_2672
MM_2671,MM_2671
MM_2670,MM_2670
MM_2669,MM_2669
MM_2668,MM_2668
MM_2667,MM_2667
MM_2666,MM_2666
MM_2665,MM_2665
MM_2664,MM_2664
MM_2663,MM_2663
MM_2662,MM_2662
MM_2661,MM_2661
MM_2660,MM_2660
MM_2659,MM_2659
MM_2658,MM_2658
MM_2655,MM_2655
MM_2654,MM_2654
MM_2652,MM_2652
MM_2651,MM_2651
MM_2650,MM_2650
MM_2649,MM_2649
MM_2648,MM_2648
MM_2646,MM_2646
MM_2644,MM_2644
MM_2643,MM_2643
MM_2642,MM_2642
MM_2641,MM_2641
MM_2639,MM_2639
MM_2638,MM_2638
MM_2637,MM_2637
MM_2636,MM_2636
MM_2635,MM_2635
MM_2633,MM_2633
MM_2632,MM_2632
MM_2631,MM_2631
MM_2630,MM_2630
MM_2628,MM_2628
MM_2627,MM_2627
MM_2621,MM_2621
MM_2617,MM_2617
MM_2615,MM_2615
MM_2614,MM_2614
MM_2613,MM_2613
MM_2612,MM_2612
MM_2611,MM_2611
MM_2610,MM_2610
MM_2609,MM_2609
MM_2608,MM_2608
MM_2607,MM_2607
MM_2606,MM_2606
MM_2605,MM_2605
MM_2604,MM_2604
MM_2603,MM_2603
MM_2602,MM_2602
MM_2601,MM_2601
MM_2600,MM_2600
MM_2599,MM_2599
MM_2598,MM_2598
MM_2597,MM_2597
MM_2596,MM_2596
MM_2594,MM_2594
MM_2593,MM_2593
MM_2592,MM_2592
MM_2591,MM_2591
MM_2590,MM_2590
MM_2587,MM_2587
tatA:MM_2584,MM_2584
MM_2581,MM_2581
MM_2580,MM_2580
MM_2578,MM_2578
MM_2577,MM_2577
MM_2576,MM_2576
MM_2575,MM_2575
MM_2574,MM_2574
MM_2573,MM_2573
MM_2572,MM_2572
MM_2571,MM_2571
MM_2570,MM_2570
MM_2569,MM_2569
MM_2568,MM_2568
MM_2567,MM_2567
cooC:MM_2566,MM_2566
MM_2565,MM_2565
MM_2564,MM_2564
MM_2563,MM_2563
MM_2562,MM_2562
MM_2560,MM_2560
MM_2559,MM_2559
MM_2558,MM_2558
MM_2556,MM_2556
MM_2555,MM_2555
MM_2554,MM_2554
MM_2553,MM_2553
MM_2552,MM_2552
MM_2551,MM_2551
MM_2550,MM_2550
MM_2549,MM_2549
MM_2548,MM_2548
MM_2547,MM_2547
MM_2546,MM_2546
MM_2545,MM_2545
MM_2544,MM_2544
MM_2543,MM_2543
MM_2538,MM_2538
MM_2533,MM_2533
MM_2532,MM_2532
MM_2531,MM_2531
MM_2529,MM_2529
MM_2527,MM_2527
MM_2526,MM_2526
MM_2525,MM_2525
MM_2524,MM_2524
MM_2523,MM_2523
MM_2522,MM_2522
MM_2521,MM_2521
MM_2520,MM_2520
MM_2519,MM_2519
MM_2518,MM_2518
MM_2516,MM_2516
MM_2515,MM_2515
MM_2513,MM_2513
MM_2512,MM_2512
MM_2511,MM_2511
MM_2510,MM_2510
MM_2508,MM_2508
trkG:MM_2502,MM_2502
trkG:MM_2500,MM_2500
MM_2498,MM_2498
MM_2493,MM_2493
MM_2492,MM_2492
fpoJ:MM_2484,MM_2484
MM_2478,MM_2478
MM_2477,MM_2477
MM_2476,MM_2476
MM_2475,MM_2475
MM_2474,MM_2474
MM_2473,MM_2473
MM_2472,MM_2472
MM_2471,MM_2471
MM_2470,MM_2470
MM_2469,MM_2469
MM_2468,MM_2468
MM_2461,MM_2461
MM_2460,MM_2460
MM_2459,MM_2459
MM_2458,MM_2458
MM_2457,MM_2457
MM_2456,MM_2456
MM_2455,MM_2455
MM_2454,MM_2454
MM_2453,MM_2453
MM_2452,MM_2452
MM_2451,MM_2451
MM_2449,MM_2449
MM_2448,MM_2448
MM_2447,MM_2447
MM_2446,MM_2446
MM_2445,MM_2445
MM_2444,MM_2444
MM_2443,MM_2443
MM_2442,MM_2442
MM_2441,MM_2441
MM_2440,MM_2440
MM_2438,MM_2438
MM_2435,MM_2435
MM_2434,MM_2434
MM_2431,MM_2431
MM_2426,MM_2426
MM_2425,MM_2425
MM_2424,MM_2424
MM_2422,MM_2422
htpG:MM_2421,MM_2421
MM_2416,MM_2416
MM_2415,MM_2415
MM_2414,MM_2414
MM_2413,MM_2413
MM_2412,MM_2412
MM_2411,MM_2411
MM_2410,MM_2410
MM_2409,MM_2409
MM_2408,MM_2408
MM_2407,MM_2407
MM_2406,MM_2406
MM_2405,MM_2405
MM_2404,MM_2404
MM_2403,MM_2403
MM_2402,MM_2402
MM_2401,MM_2401
MM_2400,MM_2400
MM_2398,MM_2398
MM_2397,MM_2397
MM_2396,MM_2396
MM_2395,MM_2395
MM_2394,MM_2394
MM_2393,MM_2393
MM_2392,MM_2392
MM_2391,MM_2391
MM_2389,MM_2389
cbiQ:MM_2388,MM_2388
MM_2386,MM_2386
MM_2385,MM_2385
MM_2384,MM_2384
MM_2383,MM_2383
MM_2382,MM_2382
MM_2381,MM_2381
MM_2380,MM_2380
MM_2378,MM_2378
MM_2377,MM_2377
MM_2376,MM_2376
MM_2375,MM_2375
MM_2374,MM_2374
MM_2371,MM_2371
MM_2370,MM_2370
MM_2369,MM_2369
MM_2368,MM_2368
MM_2367,MM_2367
MM_2366,MM_2366
MM_2365,MM_2365
MM_2364,MM_2364
MM_2363,MM_2363
MM_2361,MM_2361
MM_2360,MM_2360
MM_2359,MM_2359
MM_2358,MM_2358
MM_2357,MM_2357
MM_2356,MM_2356
MM_2354,MM_2354
MM_2353,MM_2353
MM_2352,MM_2352
MM_2351,MM_2351
MM_2350,MM_2350
MM_2349,MM_2349
MM_2348,MM_2348
MM_2347,MM_2347
MM_2346,MM_2346
MM_2345,MM_2345
MM_2344,MM_2344
MM_2343,MM_2343
MM_2342,MM_2342
MM_2341,MM_2341
MM_2340,MM_2340
MM_2338,MM_2338
MM_2337,MM_2337
MM_2335,MM_2335
MM_2334,MM_2334
MM_2333,MM_2333
MM_2332,MM_2332
MM_2331,MM_2331
MM_2330,MM_2330
MM_2329,MM_2329
MM_2327,MM_2327
MM_2326,MM_2326
echF:MM_2325,MM_2325
echD:MM_2323,MM_2323
echC:MM_2322,MM_2322
echB:MM_2321,MM_2321
echA:MM_2320,MM_2320
hypE:MM_2319,MM_2319
hypB:MM_2318,MM_2318
hypD:MM_2316,MM_2316
hypC:MM_2315,MM_2315
MM_2311,MM_2311
MM_2310,MM_2310
MM_2309,MM_2309
MM_2308,MM_2308
MM_2305,MM_2305
MM_2303,MM_2303
MM_2302,MM_2302
MM_2300,MM_2300
MM_2299,MM_2299
MM_2298,MM_2298
MM_2297,MM_2297
MM_2296,MM_2296
MM_2295,MM_2295
MM_2293,MM_2293
MM_2291,MM_2291
MM_2290,MM_2290
MM_2289,MM_2289
MM_2287,MM_2287
MM_2286,MM_2286
MM_2285,MM_2285
MM_2284,MM_2284
MM_2280,MM_2280
MM_2277,MM_2277
MM_2276,MM_2276
MM_2275,MM_2275
MM_2262,MM_2262
MM_2261,MM_2261
MM_2260,MM_2260
MM_2259,MM_2259
MM_2258,MM_2258
MM_2257,MM_2257
MM_2256,MM_2256
MM_2255,MM_2255
MM_2254,MM_2254
MM_2253,MM_2253
MM_2252,MM_2252
MM_2251,MM_2251
MM_2250,MM_2250
MM_2249,MM_2249
MM_2248,MM_2248
MM_2247,MM_2247
MM_2246,MM_2246
MM_2245,MM_2245
MM_2244,MM_2244
MM_2242,MM_2242
MM_2241,MM_2241
MM_2240,MM_2240
MM_2237,MM_2237
MM_2236,MM_2236
MM_2235,MM_2235
MM_2234,MM_2234
MM_2233,MM_2233
MM_2232,MM_2232
MM_2231,MM_2231
MM_2229,MM_2229
MM_2228,MM_2228
MM_2227,MM_2227
MM_2226,MM_2226
MM_2225,MM_2225
MM_2223,MM_2223
MM_2222,MM_2222
MM_2221,MM_2221
MM_2220,MM_2220
MM_2219,MM_2219
MM_2218,MM_2218
MM_2217,MM_2217
MM_2215,MM_2215
MM_2214,MM_2214
MM_2213,MM_2213
MM_2212,MM_2212
MM_2211,MM_2211
MM_2209,MM_2209
MM_2207,MM_2207
MM_2203,MM_2203
MM_2202,MM_2202
MM_2201,MM_2201
MM_2200,MM_2200
MM_2199,MM_2199
MM_2197,MM_2197
MM_2196,MM_2196
MM_2195,MM_2195
MM_2192,MM_2192
MM_2191,MM_2191
MM_2190,MM_2190
MM_2189,MM_2189
MM_2188,MM_2188
MM_2187,MM_2187
MM_2186,MM_2186
MM_2185,MM_2185
MM_2183,MM_2183
MM_2181,MM_2181
MM_2180,MM_2180
MM_2179,MM_2179
MM_2178,MM_2178
MM_2177,MM_2177
MM_2176,MM_2176
MM_2174,MM_2174
MM_2173,MM_2173
MM_2168,MM_2168
MM_2167,MM_2167
MM_2166,MM_2166
hypC:MM_2164,MM_2164
hypB:MM_2163,MM_2163
MM_2162,MM_2162
MM_2161,MM_2161
MM_2160,MM_2160
MM_2159,MM_2159
MM_2152,MM_2152
MM_2151,MM_2151
MM_2150,MM_2150
MM_2123,MM_2123
MM_2122,MM_2122
MM_2121,MM_2121
MM_2120,MM_2120
MM_2119,MM_2119
MM_2118,MM_2118
MM_2117,MM_2117
MM_2116,MM_2116
MM_2115,MM_2115
MM_2114,MM_2114
MM_2113,MM_2113
MM_2112,MM_2112
MM_2111,MM_2111
MM_2110,MM_2110
MM_2109,MM_2109
MM_2108,MM_2108
MM_2107,MM_2107
MM_2106,MM_2106
MM_2105,MM_2105
MM_2104,MM_2104
MM_2103,MM_2103
MM_2102,MM_2102
MM_2101,MM_2101
MM_2100,MM_2100
MM_2099,MM_2099
MM_2098,MM_2098
MM_2097,MM_2097
MM_2096,MM_2096
MM_2095,MM_2095
MM_2092,MM_2092
MM_2091,MM_2091
MM_2090,MM_2090
MM_2086,MM_2086
MM_2081,MM_2081
MM_2080,MM_2080
MM_2079,MM_2079
MM_2078,MM_2078
MM_2076,MM_2076
MM_2074,MM_2074
MM_2071,MM_2071
MM_2069,MM_2069
fecD:MM_2068,MM_2068
MM_2067,MM_2067
MM_2065,MM_2065
MM_2064,MM_2064
MM_2063,MM_2063
MM_2062,MM_2062
MM_2058,MM_2058
MM_2056,MM_2056
MM_2055,MM_2055
MM_2054,MM_2054
MM_2053,MM_2053
MM_2046,MM_2046
MM_2045,MM_2045
MM_2044,MM_2044
MM_2043,MM_2043
MM_2042,MM_2042
MM_2041,MM_2041
MM_2040,MM_2040
MM_2038,MM_2038
MM_2037,MM_2037
MM_2036,MM_2036
MM_2035,MM_2035
MM_2034,MM_2034
MM_2033,MM_2033
nfeD:MM_2032,MM_2032
hypE:MM_2031,MM_2031
MM_2029,MM_2029
MM_2028,MM_2028
MM_2027,MM_2027
MM_2026,MM_2026
MM_2025,MM_2025
MM_2024,MM_2024
MM_2023,MM_2023
MM_2022,MM_2022
MM_2021,MM_2021
MM_2020,MM_2020
MM_2018,MM_2018
MM_2017,MM_2017
MM_2016,MM_2016
MM_2012,MM_2012
pstA:MM_2008,MM_2008
pstA:MM_2007,MM_2007
MM_2005,MM_2005
chlD:MM_2003,MM_2003
MM_2002,MM_2002
MM_2001,MM_2001
MM_2000,MM_2000
MM_1999,MM_1999
cobN:MM_1998,MM_1998
MM_1997,MM_1997
cbiQ:MM_1995,MM_1995
MM_1994,MM_1994
MM_1993,MM_1993
MM_1992,MM_1992
MM_1991,MM_1991
MM_1990,MM_1990
MM_1989,MM_1989
MM_1986,MM_1986
MM_1985,MM_1985
MM_1984,MM_1984
MM_1983,MM_1983
MM_1982,MM_1982
MM_1981,MM_1981
MM_1979,MM_1979
MM_1977,MM_1977
MM_1975,MM_1975
MM_1973,MM_1973
MM_1972,MM_1972
MM_1971,MM_1971
MM_1970,MM_1970
MM_1967,MM_1967
MM_1965,MM_1965
MM_1962,MM_1962
MM_1961,MM_1961
MM_1960,MM_1960
MM_1959,MM_1959
MM_1958,MM_1958
MM_1957,MM_1957
MM_1956,MM_1956
MM_1955,MM_1955
MM_1954,MM_1954
czcD:MM_1953,MM_1953
czcD:MM_1952,MM_1952
MM_1951,MM_1951
MM_1949,MM_1949
MM_1948,MM_1948
MM_1947,MM_1947
MM_1946,MM_1946
MM_1945,MM_1945
MM_1944,MM_1944
MM_1943,MM_1943
MM_1942,MM_1942
glnQ:MM_1941,MM_1941
glnP:MM_1940,MM_1940
MM_1939,MM_1939
MM_1938,MM_1938
MM_1937,MM_1937
MM_1936,MM_1936
MM_1935,MM_1935
MM_1934,MM_1934
MM_1933,MM_1933
mtbA:MM_1932,MM_1932
MM_1931,MM_1931
MM_1929,MM_1929
MM_1928,MM_1928
MM_1927,MM_1927
MM_1926,MM_1926
MM_1925,MM_1925
MM_1924,MM_1924
MM_1923,MM_1923
MM_1922,MM_1922
MM_1921,MM_1921
MM_1920,MM_1920
MM_1919,MM_1919
MM_1918,MM_1918
MM_1917,MM_1917
MM_1915,MM_1915
MM_1914,MM_1914
MM_1912,MM_1912
kefC:MM_1909,MM_1909
MM_1908,MM_1908
MM_1907,MM_1907
MM_1906,MM_1906
MM_1905,MM_1905
MM_1904,MM_1904
MM_1903,MM_1903
MM_1902,MM_1902
MM_1901,MM_1901
MM_1900,MM_1900
MM_1899,MM_1899
MM_1898,MM_1898
MM_1897,MM_1897
paaI:MM_1896,MM_1896
syrB:MM_1893,MM_1893
MM_1892,MM_1892
MM_1891,MM_1891
kefA:MM_1890,MM_1890
MM_1889,MM_1889
MM_1887,MM_1887
MM_1886,MM_1886
MM_1883,MM_1883
MM_1882,MM_1882
MM_1878,MM_1878
MM_1875,MM_1875
MM_1873,MM_1873
MM_1872,MM_1872
MM_1870,MM_1870
MM_1869,MM_1869
MM_1868,MM_1868
MM_1867,MM_1867
MM_1866,MM_1866
MM_1865,MM_1865
MM_1864,MM_1864
MM_1863,MM_1863
MM_1862,MM_1862
MM_1861,MM_1861
MM_1860,MM_1860
MM_1859,MM_1859
MM_1858,MM_1858
MM_1853,MM_1853
MM_1852,MM_1852
MM_1851,MM_1851
MM_1850,MM_1850
MM_1849,MM_1849
MM_1848,MM_1848
MM_1847,MM_1847
MM_1846,MM_1846
MM_1845,MM_1845
MM_1842,MM_1842
MM_1841,MM_1841
MM_1840,MM_1840
MM_1839,MM_1839
MM_1838,MM_1838
MM_1837,MM_1837
MM_1835,MM_1835
MM_1834,MM_1834
MM_1833,MM_1833
MM_1830,MM_1830
MM_1829,MM_1829
MM_1828,MM_1828
MM_1827,MM_1827
MM_1826,MM_1826
hmf1:MM_1825,MM_1825
MM_1824,MM_1824
MM_1823,MM_1823
MM_1822,MM_1822
MM_1819,MM_1819
MM_1817,MM_1817
MM_1816,MM_1816
MM_1814,MM_1814
MM_1813,MM_1813
MM_1812,MM_1812
MM_1810,MM_1810
MM_1807,MM_1807
MM_1806,MM_1806
MM_1805,MM_1805
MM_1804,MM_1804
MM_1803,MM_1803
MM_1802,MM_1802
MM_1801,MM_1801
MM_1799,MM_1799
MM_1796,MM_1796
MM_1795,MM_1795
MM_1794,MM_1794
MM_1793,MM_1793
MM_1792,MM_1792
MM_1791,MM_1791
MM_1790,MM_1790
MM_1789,MM_1789
MM_1788,MM_1788
MM_1785,MM_1785
MM_1784,MM_1784
MM_1783,MM_1783
MM_1782,MM_1782
MM_1781,MM_1781
MM_1780,MM_1780
MM_1779,MM_1779
czcD:MM_1778,MM_1778
MM_1777,MM_1777
MM_1776,MM_1776
MM_1775,MM_1775
MM_1774,MM_1774
MM_1773,MM_1773
MM_1771,MM_1771
MM_1769,MM_1769
MM_1768,MM_1768
MM_1765,MM_1765
MM_1761,MM_1761
MM_1754,MM_1754
MM_1752,MM_1752
MM_1751,MM_1751
MM_1750,MM_1750
MM_1748,MM_1748
MM_1747,MM_1747
nirD:MM_1738,MM_1738
nirJ:MM_1737,MM_1737
MM_1736,MM_1736
MM_1734,MM_1734
MM_1733,MM_1733
MM_1732,MM_1732
MM_1731,MM_1731
nirJ:MM_1726,MM_1726
MM_1725,MM_1725
MM_1724,MM_1724
MM_1723,MM_1723
MM_1722,MM_1722
MM_1721,MM_1721
MM_1720,MM_1720
MM_1719,MM_1719
MM_1718,MM_1718
MM_1717,MM_1717
MM_1716,MM_1716
MM_1715,MM_1715
MM_1714,MM_1714
MM_1713,MM_1713
czcD:MM_1711,MM_1711
MM_1707,MM_1707
MM_1705,MM_1705
MM_1703,MM_1703
MM_1702,MM_1702
MM_1701,MM_1701
MM_1700,MM_1700
MM_1698,MM_1698
MM_1697,MM_1697
MM_1695,MM_1695
MM_1692,MM_1692
MM_1691,MM_1691
MM_1686,MM_1686
MM_1684,MM_1684
MM_1680,MM_1680
MM_1678,MM_1678
MM_1677,MM_1677
MM_1676,MM_1676
MM_1675,MM_1675
MM_1674,MM_1674
MM_1673,MM_1673
MM_1672,MM_1672
MM_1671,MM_1671
MM_1670,MM_1670
MM_1669,MM_1669
recG:MM_1668,MM_1668
MM_1667,MM_1667
MM_1666,MM_1666
MM_1665,MM_1665
MM_1664,MM_1664
MM_1663,MM_1663
MM_1662,MM_1662
MM_1659,MM_1659
tlpC:MM_1658,MM_1658
MM_1657,MM_1657
MM_1656,MM_1656
MM_1655,MM_1655
MM_1654,MM_1654
MM_1653,MM_1653
MM_1652,MM_1652
MM_1651,MM_1651
MM_1650,MM_1650
MM_1649,MM_1649
mtaC:MM_1648,MM_1648
MM_1647,MM_1647
MM_1646,MM_1646
MM_1645,MM_1645
MM_1644,MM_1644
MM_1643,MM_1643
MM_1642,MM_1642
MM_1641,MM_1641
MM_1640,MM_1640
MM_1639,MM_1639
MM_1638,MM_1638
MM_1637,MM_1637
MM_1636,MM_1636
MM_1635,MM_1635
MM_1633,MM_1633
MM_1632,MM_1632
MM_1631,MM_1631
MM_1630,MM_1630
MM_1629,MM_1629
MM_1626,MM_1626
MM_1625,MM_1625
MM_1622,MM_1622
MM_1621,MM_1621
MM_1620,MM_1620
MM_1619,MM_1619
MM_1617,MM_1617
MM_1616,MM_1616
MM_1615,MM_1615
MM_1614,MM_1614
MM_1613,MM_1613
MM_1612,MM_1612
MM_1610,MM_1610
MM_1609,MM_1609
MM_1608,MM_1608
MM_1607,MM_1607
MM_1605,MM_1605
MM_1604,MM_1604
MM_1603,MM_1603
cobN:MM_1602,MM_1602
cobN:MM_1601,MM_1601
MM_1600,MM_1600
MM_1599,MM_1599
MM_1598,MM_1598
MM_1597,MM_1597
MM_1596,MM_1596
MM_1595,MM_1595
MM_1593,MM_1593
MM_1591,MM_1591
MM_1590,MM_1590
MM_1589,MM_1589
MM_1588,MM_1588
MM_1587,MM_1587
MM_1586,MM_1586
MM_1585,MM_1585
MM_1584,MM_1584
MM_1583,MM_1583
MM_1582,MM_1582
MM_1581,MM_1581
MM_1580,MM_1580
MM_1579,MM_1579
MM_1578,MM_1578
MM_1576,MM_1576
MM_1575,MM_1575
MM_1574,MM_1574
MM_1572,MM_1572
MM_1571,MM_1571
MM_1570,MM_1570
fmdD:MM_1568,MM_1568
fmdA:MM_1566,MM_1566
fmdF:MM_1565,MM_1565
MM_1564,MM_1564
MM_1563,MM_1563
MM_1562,MM_1562
MM_1561,MM_1561
MM_1560,MM_1560
MM_1559,MM_1559
MM_1558,MM_1558
MM_1555,MM_1555
MM_1554,MM_1554
MM_1553,MM_1553
MM_1552,MM_1552
MM_1551,MM_1551
MM_1550,MM_1550
MM_1549,MM_1549
MM_1548,MM_1548
MM_1539,MM_1539
MM_1536,MM_1536
MM_1534,MM_1534
MM_1533,MM_1533
MM_1532,MM_1532
MM_1531,MM_1531
MM_1530,MM_1530
MM_1529,MM_1529
MM_1528,MM_1528
MM_1526,MM_1526
MM_1525,MM_1525
MM_1524,MM_1524
MM_1523,MM_1523
MM_1522,MM_1522
MM_1520,MM_1520
MM_1519,MM_1519
MM_1518,MM_1518
MM_1516,MM_1516
MM_1515,MM_1515
MM_1514,MM_1514
MM_1513,MM_1513
MM_1512,MM_1512
MM_1511,MM_1511
MM_1510,MM_1510
MM_1509,MM_1509
MM_1508,MM_1508
MM_1507,MM_1507
MM_1501,MM_1501
MM_1500,MM_1500
MM_1498,MM_1498
MM_1497,MM_1497
MM_1496,MM_1496
MM_1494,MM_1494
MM_1492,MM_1492
MM_1491,MM_1491
MM_1489,MM_1489
MM_1488,MM_1488
MM_1487,MM_1487
MM_1485,MM_1485
MM_1484,MM_1484
MM_1483,MM_1483
MM_1482,MM_1482
MM_1481,MM_1481
MM_1480,MM_1480
MM_1479,MM_1479
MM_1478,MM_1478
MM_1477,MM_1477
MM_1474,MM_1474
MM_1473,MM_1473
MM_1472,MM_1472
MM_1469,MM_1469
MM_1468,MM_1468
MM_1467,MM_1467
MM_1466,MM_1466
MM_1465,MM_1465
MM_1464,MM_1464
MM_1463,MM_1463
MM_1462,MM_1462
MM_1461,MM_1461
MM_1460,MM_1460
MM_1459,MM_1459
MM_1458,MM_1458
MM_1457,MM_1457
MM_1456,MM_1456
MM_1455,MM_1455
MM_1454,MM_1454
MM_1453,MM_1453
MM_1452,MM_1452
MM_1451,MM_1451
MM_1450,MM_1450
MM_1449,MM_1449
MM_1448,MM_1448
MM_1447,MM_1447
MM_1446,MM_1446
MM_1444,MM_1444
MM_1442,MM_1442
MM_1440,MM_1440
mtmP:MM_1435,MM_1435
mtmP:MM_1434,MM_1434
MM_1433,MM_1433
MM_1432,MM_1432
MM_1431,MM_1431
MM_1430,MM_1430
MM_1429,MM_1429
MM_1428,MM_1428
MM_1427,MM_1427
MM_1426,MM_1426
MM_1423,MM_1423
MM_1422,MM_1422
MM_1420,MM_1420
MM_1419,MM_1419
MM_1415,MM_1415
MM_1414,MM_1414
MM_1413,MM_1413
MM_1412,MM_1412
MM_1411,MM_1411
MM_1410,MM_1410
MM_1409,MM_1409
MM_1408,MM_1408
MM_1407,MM_1407
MM_1403,MM_1403
MM_1400,MM_1400
MM_1399,MM_1399
MM_1395,MM_1395
MM_1392,MM_1392
syrB:MM_1390,MM_1390
MM_1389,MM_1389
MM_1387,MM_1387
MM_1386,MM_1386
MM_1385,MM_1385
MM_1384,MM_1384
MM_1382,MM_1382
dnaJ:MM_1381,MM_1381
dnaK:MM_1380,MM_1380
MM_1379,MM_1379
MM_1377,MM_1377
MM_1376,MM_1376
MM_1373,MM_1373
MM_1370,MM_1370
MM_1368,MM_1368
MM_1367,MM_1367
MM_1366,MM_1366
MM_1364,MM_1364
MM_1363,MM_1363
MM_1362,MM_1362
MM_1361,MM_1361
MM_1360,MM_1360
MM_1359,MM_1359
MM_1358,MM_1358
MM_1357,MM_1357
MM_1356,MM_1356
MM_1355,MM_1355
MM_1354,MM_1354
MM_1353,MM_1353
MM_1352,MM_1352
MM_1351,MM_1351
MM_1350,MM_1350
MM_1349,MM_1349
MM_1344,MM_1344
MM_1343,MM_1343
MM_1342,MM_1342
MM_1341,MM_1341
MM_1340,MM_1340
MM_1339,MM_1339
MM_1338,MM_1338
MM_1337,MM_1337
MM_1336,MM_1336
MM_1335,MM_1335
MM_1334,MM_1334
MM_1333,MM_1333
MM_1332,MM_1332
MM_1331,MM_1331
cheW:MM_1330,MM_1330
MM_1329,MM_1329
MM_1328,MM_1328
cheY:MM_1327,MM_1327
MM_1324,MM_1324
cheC:MM_1323,MM_1323
MM_1320,MM_1320
MM_1319,MM_1319
MM_1316,MM_1316
MM_1315,MM_1315
MM_1313,MM_1313
MM_1312,MM_1312
MM_1311,MM_1311
MM_1310,MM_1310
MM_1309,MM_1309
MM_1308,MM_1308
MM_1307,MM_1307
MM_1306,MM_1306
MM_1305,MM_1305
MM_1304,MM_1304
MM_1303,MM_1303
MM_1302,MM_1302
MM_1301,MM_1301
MM_1299,MM_1299
MM_1296,MM_1296
MM_1294,MM_1294
MM_1293,MM_1293
MM_1292,MM_1292
MM_1291,MM_1291
MM_1290,MM_1290
MM_1289,MM_1289
MM_1288,MM_1288
MM_1286,MM_1286
MM_1285,MM_1285
MM_1283,MM_1283
MM_1282,MM_1282
MM_1281,MM_1281
MM_1277,MM_1277
MM_1276,MM_1276
MM_1275,MM_1275
MM_1269,MM_1269
MM_1268,MM_1268
MM_1266,MM_1266
MM_1265,MM_1265
MM_1264,MM_1264
MM_1263,MM_1263
MM_1262,MM_1262
MM_1261,MM_1261
MM_1258,MM_1258
MM_1257,MM_1257
MM_1256,MM_1256
MM_1255,MM_1255
MM_1254,MM_1254
MM_1253,MM_1253
MM_1252,MM_1252
MM_1251,MM_1251
MM_1250,MM_1250
MM_1247,MM_1247
MM_1245,MM_1245
MM_1243,MM_1243
MM_1242,MM_1242
MM_1239,MM_1239
mmr:MM_1235,MM_1235
MM_1234,MM_1234
MM_1233,MM_1233
MM_1232,MM_1232
MM_1231,MM_1231
MM_1230,MM_1230
MM_1229,MM_1229
MM_1225,MM_1225
MM_1224,MM_1224
MM_1223,MM_1223
mc1:MM_1221,MM_1221
MM_1219,MM_1219
MM_1216,MM_1216
MM_1215,MM_1215
MM_1214,MM_1214
MM_1211,MM_1211
MM_1210,MM_1210
MM_1209,MM_1209
MM_1208,MM_1208
MM_1207,MM_1207
MM_1206,MM_1206
MM_1205,MM_1205
MM_1204,MM_1204
MM_1203,MM_1203
MM_1199,MM_1199
MM_1197,MM_1197
MM_1196,MM_1196
MM_1195,MM_1195
MM_1194,MM_1194
MM_1193,MM_1193
MM_1191,MM_1191
MM_1190,MM_1190
MM_1189,MM_1189
MM_1188,MM_1188
MM_1187,MM_1187
MM_1186,MM_1186
MM_1185,MM_1185
MM_1184,MM_1184
MM_1183,MM_1183
MM_1182,MM_1182
MM_1181,MM_1181
MM_1180,MM_1180
MM_1179,MM_1179
MM_1178,MM_1178
MM_1177,MM_1177
MM_1176,MM_1176
MM_1175,MM_1175
MM_1174,MM_1174
MM_1173,MM_1173
MM_1171,MM_1171
MM_1170,MM_1170
MM_1168,MM_1168
MM_1167,MM_1167
MM_1165,MM_1165
MM_1164,MM_1164
MM_1163,MM_1163
MM_1162,MM_1162
MM_1161,MM_1161
MM_1160,MM_1160
MM_1158,MM_1158
MM_1157,MM_1157
MM_1156,MM_1156
MM_1155,MM_1155
MM_1153,MM_1153
MM_1152,MM_1152
MM_1151,MM_1151
MM_1150,MM_1150
MM_1149,MM_1149
MM_1148,MM_1148
MM_1147,MM_1147
MM_1146,MM_1146
MM_1145,MM_1145
MM_1144,MM_1144
MM_1143,MM_1143
MM_1142,MM_1142
MM_1141,MM_1141
MM_1140,MM_1140
MM_1139,MM_1139
MM_1138,MM_1138
MM_1137,MM_1137
MM_1136,MM_1136
MM_1135,MM_1135
MM_1134,MM_1134
MM_1131,MM_1131
MM_1130,MM_1130
MM_1129,MM_1129
MM_1128,MM_1128
MM_1127,MM_1127
MM_1126,MM_1126
MM_1125,MM_1125
MM_1124,MM_1124
MM_1123,MM_1123
MM_1122,MM_1122
MM_1121,MM_1121
MM_1120,MM_1120
MM_1119,MM_1119
MM_1118,MM_1118
MM_1117,MM_1117
MM_1116,MM_1116
MM_1115,MM_1115
MM_1113,MM_1113
MM_1112,MM_1112
MM_1110,MM_1110
MM_1109,MM_1109
MM_1106,MM_1106
MM_1105,MM_1105
MM_1104,MM_1104
MM_1103,MM_1103
MM_1102,MM_1102
MM_1100,MM_1100
MM_1099,MM_1099
MM_1098,MM_1098
MM_1097,MM_1097
MM_1096,MM_1096
MM_1095,MM_1095
MM_1094,MM_1094
MM_1093,MM_1093
MM_1092,MM_1092
MM_1091,MM_1091
MM_1090,MM_1090
MM_1089,MM_1089
MM_1088,MM_1088
MM_1087,MM_1087
MM_1086,MM_1086
MM_1084,MM_1084
MM_1083,MM_1083
MM_1082,MM_1082
MM_1081,MM_1081
MM_1080,MM_1080
MM_1079,MM_1079
MM_1078,MM_1078
MM_1077,MM_1077
MM_1076,MM_1076
MM_1075,MM_1075
mtaB:MM_1074,MM_1074
mtaC:MM_1073,MM_1073
MM_1072,MM_1072
MM_1071,MM_1071
MM_1069,MM_1069
MM_1068,MM_1068
MM_1067,MM_1067
MM_1066,MM_1066
MM_1065,MM_1065
MM_1064,MM_1064
MM_1063,MM_1063
MM_1062,MM_1062
MM_1061,MM_1061
MM_1060,MM_1060
MM_1059,MM_1059
MM_1058,MM_1058
MM_1057,MM_1057
MM_1056,MM_1056
mttC:MM_1055,MM_1055
MM_1054,MM_1054
MM_1053,MM_1053
MM_1052,MM_1052
mc1:MM_1051,MM_1051
MM_1050,MM_1050
MM_1049,MM_1049
MM_1048,MM_1048
MM_1047,MM_1047
moeA:MM_1046,MM_1046
MM_1042,MM_1042
MM_1041,MM_1041
MM_1040,MM_1040
cbiQ:MM_1039,MM_1039
MM_1036,MM_1036
MM_1035,MM_1035
MM_1034,MM_1034
MM_1033,MM_1033
MM_1032,MM_1032
MM_1030,MM_1030
MM_1029,MM_1029
MM_1026,MM_1026
MM_1024,MM_1024
MM_1023,MM_1023
MM_1022,MM_1022
MM_1021,MM_1021
MM_1019,MM_1019
MM_1018,MM_1018
MM_1017,MM_1017
MM_1016,MM_1016
MM_1015,MM_1015
MM_1007,MM_1007
MM_1005,MM_1005
MM_1004,MM_1004
MM_1003,MM_1003
MM_1002,MM_1002
MM_1001,MM_1001
MM_0999,MM_0999
MM_0998,MM_0998
MM_0997,MM_0997
MM_0996,MM_0996
MM_0995,MM_0995
MM_0994,MM_0994
MM_0993,MM_0993
MM_0992,MM_0992
MM_0991,MM_0991
MM_0989,MM_0989
MM_0988,MM_0988
MM_0987,MM_0987
MM_0986,MM_0986
MM_0985,MM_0985
MM_0984,MM_0984
MM_0983,MM_0983
MM_0981,MM_0981
MM_0978,MM_0978
MM_0977,MM_0977
MM_0976,MM_0976
MM_0975,MM_0975
MM_0974,MM_0974
MM_0973,MM_0973
MM_0972,MM_0972
MM_0971,MM_0971
MM_0970,MM_0970
MM_0969,MM_0969
MM_0968,MM_0968
MM_0966,MM_0966
MM_0965,MM_0965
MM_0963,MM_0963
MM_0962,MM_0962
MM_0961,MM_0961
MM_0960,MM_0960
MM_0959,MM_0959
MM_0958,MM_0958
MM_0957,MM_0957
MM_0956,MM_0956
MM_0955,MM_0955
MM_0954,MM_0954
MM_0953,MM_0953
MM_0952,MM_0952
MM_0951,MM_0951
MM_0950,MM_0950
MM_0949,MM_0949
MM_0948,MM_0948
MM_0947,MM_0947
MM_0946,MM_0946
MM_0945,MM_0945
MM_0944,MM_0944
MM_0942,MM_0942
MM_0940,MM_0940
MM_0939,MM_0939
MM_0938,MM_0938
MM_0937,MM_0937
MM_0936,MM_0936
kefC:MM_0933,MM_0933
MM_0932,MM_0932
MM_0931,MM_0931
MM_0930,MM_0930
kefC:MM_0929,MM_0929
MM_0928,MM_0928
MM_0927,MM_0927
MM_0925,MM_0925
MM_0924,MM_0924
MM_0923,MM_0923
MM_0920,MM_0920
MM_0919,MM_0919
MM_0918,MM_0918
MM_0917,MM_0917
MM_0916,MM_0916
MM_0915,MM_0915
MM_0914,MM_0914
MM_0913,MM_0913
MM_0912,MM_0912
MM_0911,MM_0911
MM_0910,MM_0910
MM_0909,MM_0909
MM_0908,MM_0908
MM_0907,MM_0907
MM_0903,MM_0903
MM_0902,MM_0902
MM_0901,MM_0901
MM_0900,MM_0900
MM_0899,MM_0899
MM_0897,MM_0897
MM_0896,MM_0896
MM_0894,MM_0894
MM_0893,MM_0893
MM_0892,MM_0892
MM_0891,MM_0891
MM_0890,MM_0890
MM_0889,MM_0889
cbiQ:MM_0888,MM_0888
MM_0885,MM_0885
MM_0884,MM_0884
MM_0883,MM_0883
MM_0882,MM_0882
MM_0880,MM_0880
MM_0879,MM_0879
MM_0878,MM_0878
MM_0877,MM_0877
MM_0876,MM_0876
MM_0875,MM_0875
MM_0874,MM_0874
MM_0873,MM_0873
MM_0872,MM_0872
MM_0871,MM_0871
MM_0870,MM_0870
MM_0869,MM_0869
MM_0868,MM_0868
MM_0866,MM_0866
MM_0864,MM_0864
MM_0863,MM_0863
MM_0862,MM_0862
MM_0861,MM_0861
MM_0859,MM_0859
MM_0858,MM_0858
MM_0857,MM_0857
cdc48:MM_0854,MM_0854
MM_0853,MM_0853
MM_0851,MM_0851
MM_0850,MM_0850
MM_0849,MM_0849
MM_0848,MM_0848
MM_0847,MM_0847
MM_0846,MM_0846
MM_0845,MM_0845
MM_0844,MM_0844
MM_0843,MM_0843
MM_0841,MM_0841
MM_0840,MM_0840
MM_0839,MM_0839
MM_0838,MM_0838
MM_0837,MM_0837
MM_0836,MM_0836
MM_0835,MM_0835
MM_0834,MM_0834
MM_0833,MM_0833
MM_0832,MM_0832
MM_0831,MM_0831
MM_0830,MM_0830
MM_0827,MM_0827
MM_0825,MM_0825
MM_0824,MM_0824
MM_0823,MM_0823
MM_0822,MM_0822
MM_0820,MM_0820
MM_0816,MM_0816
MM_0813,MM_0813
MM_0812,MM_0812
MM_0811,MM_0811
MM_0804,MM_0804
MM_0803,MM_0803
MM_0800,MM_0800
MM_0799,MM_0799
MM_0797,MM_0797
MM_0796,MM_0796
MM_0795,MM_0795
MM_0794,MM_0794
MM_0793,MM_0793
MM_0792,MM_0792
MM_0791,MM_0791
MM_0790,MM_0790
MM_0788,MM_0788
MM_0787,MM_0787
MM_0786,MM_0786
MM_0776,MM_0776
MM_0775,MM_0775
MM_0774,MM_0774
MM_0773,MM_0773
MM_0772,MM_0772
MM_0770,MM_0770
MM_0769,MM_0769
MM_0768,MM_0768
MM_0767,MM_0767
MM_0766,MM_0766
MM_0765,MM_0765
MM_0764,MM_0764
MM_0763,MM_0763
MM_0762,MM_0762
MM_0761,MM_0761
MM_0760,MM_0760
nifB:MM_0759,MM_0759
MM_0758,MM_0758
nifB:MM_0757,MM_0757
MM_0756,MM_0756
MM_0754,MM_0754
MM_0752,MM_0752
MM_0751,MM_0751
MM_0750,MM_0750
MM_0749,MM_0749
MM_0748,MM_0748
MM_0746,MM_0746
MM_0745,MM_0745
MM_0744,MM_0744
MM_0743,MM_0743
MM_0742,MM_0742
MM_0741,MM_0741
MM_0738,MM_0738
MM_0737,MM_0737
MM_0736,MM_0736
MM_0735,MM_0735
MM_0734,MM_0734
MM_0733,MM_0733
MM_0731,MM_0731
MM_0730,MM_0730
MM_0729,MM_0729
MM_0728,MM_0728
modB:MM_0727,MM_0727
MM_0726,MM_0726
MM_0725,MM_0725
MM_0721,MM_0721
MM_0720,MM_0720
MM_0718,MM_0718
MM_0717,MM_0717
MM_0716,MM_0716
MM_0714,MM_0714
MM_0713,MM_0713
MM_0712,MM_0712
MM_0710,MM_0710
MM_0709,MM_0709
MM_0708,MM_0708
MM_0706,MM_0706
MM_0705,MM_0705
MM_0704,MM_0704
MM_0703,MM_0703
MM_0702,MM_0702
MM_0699,MM_0699
MM_0698,MM_0698
MM_0696,MM_0696
MM_0695,MM_0695
MM_0693,MM_0693
MM_0691,MM_0691
MM_0690,MM_0690
MM_0687,MM_0687
MM_0683,MM_0683
MM_0682,MM_0682
MM_0681,MM_0681
MM_0680,MM_0680
MM_0679,MM_0679
MM_0678,MM_0678
MM_0677,MM_0677
MM_0676,MM_0676
MM_0675,MM_0675
MM_0673,MM_0673
MM_0672,MM_0672
MM_0667,MM_0667
MM_0665,MM_0665
MM_0664,MM_0664
MM_0663,MM_0663
MM_0662,MM_0662
MM_0657,MM_0657
MM_0656,MM_0656
MM_0655,MM_0655
MM_0654,MM_0654
MM_0653,MM_0653
MM_0652,MM_0652
MM_0651,MM_0651
MM_0650,MM_0650
MM_0649,MM_0649
MM_0648,MM_0648
MM_0644,MM_0644
MM_0642,MM_0642
MM_0641,MM_0641
MM_0640,MM_0640
MM_0638,MM_0638
MM_0637,MM_0637
MM_0636,MM_0636
MM_0635,MM_0635
MM_0634,MM_0634
MM_0633,MM_0633
MM_0632,MM_0632
MM_0631,MM_0631
MM_0630,MM_0630
MM_0629,MM_0629
MM_0624,MM_0624
MM_0623,MM_0623
MM_0622,MM_0622
MM_0621,MM_0621
MM_0620,MM_0620
MM_0619,MM_0619
MM_0617,MM_0617
MM_0616,MM_0616
MM_0615,MM_0615
MM_0614,MM_0614
MM_0613,MM_0613
MM_0611,MM_0611
MM_0610,MM_0610
MM_0609,MM_0609
MM_0608,MM_0608
MM_0607,MM_0607
MM_0606,MM_0606
MM_0605,MM_0605
MM_0604,MM_0604
MM_0601,MM_0601
MM_0595,MM_0595
MM_0593,MM_0593
MM_0592,MM_0592
MM_0591,MM_0591
MM_0589,MM_0589
MM_0588,MM_0588
MM_0587,MM_0587
MM_0586,MM_0586
MM_0585,MM_0585
MM_0584,MM_0584
MM_0583,MM_0583
MM_0582,MM_0582
MM_0581,MM_0581
MM_0580,MM_0580
MM_0579,MM_0579
pstS:MM_0578,MM_0578
pstB:MM_0577,MM_0577
MM_0575,MM_0575
MM_0574,MM_0574
MM_0573,MM_0573
MM_0572,MM_0572
MM_0571,MM_0571
MM_0570,MM_0570
MM_0569,MM_0569
MM_0568,MM_0568
MM_0567,MM_0567
MM_0566,MM_0566
MM_0565,MM_0565
MM_0564,MM_0564
MM_0563,MM_0563
MM_0562,MM_0562
MM_0560,MM_0560
MM_0556,MM_0556
MM_0555,MM_0555
MM_0554,MM_0554
MM_0553,MM_0553
MM_0552,MM_0552
MM_0551,MM_0551
MM_0550,MM_0550
MM_0549,MM_0549
MM_0548,MM_0548
MM_0547,MM_0547
MM_0546,MM_0546
MM_0545,MM_0545
MM_0544,MM_0544
MM_0543,MM_0543
MM_0542,MM_0542
MM_0541,MM_0541
MM_0540,MM_0540
MM_0539,MM_0539
MM_0538,MM_0538
MM_0537,MM_0537
MM_0536,MM_0536
MM_0535,MM_0535
MM_0534,MM_0534
MM_0533,MM_0533
MM_0532,MM_0532
MM_0531,MM_0531
MM_0530,MM_0530
MM_0529,MM_0529
MM_0528,MM_0528
MM_0527,MM_0527
MM_0526,MM_0526
MM_0525,MM_0525
MM_0524,MM_0524
MM_0523,MM_0523
MM_0521,MM_0521
MM_0520,MM_0520
MM_0519,MM_0519
MM_0518,MM_0518
MM_0516,MM_0516
MM_0515,MM_0515
nifH2:MM_0514,MM_0514
MM_0511,MM_0511
MM_0508,MM_0508
MM_0507,MM_0507
MM_0506,MM_0506
MM_0505,MM_0505
MM_0504,MM_0504
MM_0503,MM_0503
MM_0502,MM_0502
MM_0501,MM_0501
MM_0500,MM_0500
MM_0499,MM_0499
MM_0498,MM_0498
MM_0497,MM_0497
MM_0496,MM_0496
MM_0494,MM_0494
MM_0493,MM_0493
MM_0492,MM_0492
MM_0491,MM_0491
MM_0490,MM_0490
MM_0489,MM_0489
MM_0488,MM_0488
MM_0487,MM_0487
MM_0484,MM_0484
MM_0483,MM_0483
MM_0482,MM_0482
MM_0481,MM_0481
MM_0480,MM_0480
MM_0479,MM_0479
MM_0478,MM_0478
MM_0477,MM_0477
MM_0475,MM_0475
MM_0472,MM_0472
MM_0471,MM_0471
MM_0470,MM_0470
MM_0467,MM_0467
MM_0466,MM_0466
cbiQ:MM_0463,MM_0463
MM_0461,MM_0461
MM_0460,MM_0460
MM_0459,MM_0459
MM_0455,MM_0455
MM_0454,MM_0454
MM_0453,MM_0453
MM_0452,MM_0452
MM_0451,MM_0451
MM_0450,MM_0450
MM_0449,MM_0449
MM_0448,MM_0448
MM_0447,MM_0447
MM_0443,MM_0443
MM_0440,MM_0440
MM_0439,MM_0439
MM_0438,MM_0438
MM_0437,MM_0437
MM_0436,MM_0436
MM_0435,MM_0435
MM_0434,MM_0434
MM_0433,MM_0433
MM_0432,MM_0432
MM_0430,MM_0430
MM_0428,MM_0428
MM_0427,MM_0427
MM_0426,MM_0426
MM_0423,MM_0423
MM_0422,MM_0422
MM_0421,MM_0421
MM_0420,MM_0420
MM_0419,MM_0419
MM_0417,MM_0417
MM_0416,MM_0416
MM_0415,MM_0415
MM_0414,MM_0414
MM_0413,MM_0413
MM_0412,MM_0412
MM_0411,MM_0411
MM_0410,MM_0410
MM_0408,MM_0408
MM_0407,MM_0407
MM_0406,MM_0406
MM_0405,MM_0405
MM_0404,MM_0404
MM_0403,MM_0403
MM_0402,MM_0402
MM_0401,MM_0401
MM_0400,MM_0400
MM_0399,MM_0399
MM_0398,MM_0398
MM_0395,MM_0395
MM_0394,MM_0394
MM_0392,MM_0392
MM_0391,MM_0391
MM_0390,MM_0390
MM_0389,MM_0389
MM_0388,MM_0388
MM_0386,MM_0386
MM_0385,MM_0385
MM_0384,MM_0384
MM_0383,MM_0383
MM_0382,MM_0382
MM_0381,MM_0381
MM_0380,MM_0380
MM_0379,MM_0379
MM_0378,MM_0378
MM_0377,MM_0377
MM_0376,MM_0376
MM_0375,MM_0375
MM_0374,MM_0374
MM_0373,MM_0373
MM_0372,MM_0372
MM_0371,MM_0371
MM_0370,MM_0370
MM_0369,MM_0369
MM_0368,MM_0368
MM_0367,MM_0367
MM_0366,MM_0366
MM_0365,MM_0365
MM_0364,MM_0364
MM_0363,MM_0363
MM_0362,MM_0362
MM_0361,MM_0361
MM_0360,MM_0360
MM_0359,MM_0359
MM_0358,MM_0358
MM_0356,MM_0356
MM_0354,MM_0354
MM_0353,MM_0353
MM_0352,MM_0352
MM_0351,MM_0351
MM_0350,MM_0350
MM_0349,MM_0349
MM_0348,MM_0348
MM_0347,MM_0347
MM_0346,MM_0346
MM_0345,MM_0345
MM_0344,MM_0344
MM_0343,MM_0343
MM_0342,MM_0342
MM_0339,MM_0339
MM_0338,MM_0338
MM_0336,MM_0336
MM_0334,MM_0334
MM_0333,MM_0333
cheW:MM_0332,MM_0332
MM_0331,MM_0331
cheY:MM_0330,MM_0330
cheC:MM_0327,MM_0327
cheR:MM_0325,MM_0325
MM_0324,MM_0324
MM_0321,MM_0321
MM_0320,MM_0320
MM_0319,MM_0319
MM_0318,MM_0318
MM_0317,MM_0317
MM_0316,MM_0316
MM_0315,MM_0315
MM_0313,MM_0313
MM_0312,MM_0312
MM_0311,MM_0311
MM_0310,MM_0310
MM_0309,MM_0309
MM_0308,MM_0308
MM_0307,MM_0307
MM_0305,MM_0305
MM_0304,MM_0304
MM_0303,MM_0303
MM_0298,MM_0298
MM_0297,MM_0297
MM_0296,MM_0296
MM_0295,MM_0295
MM_0294,MM_0294
MM_0293,MM_0293
MM_0292,MM_0292
MM_0291,MM_0291
MM_0290,MM_0290
MM_0289,MM_0289
MM_0288,MM_0288
MM_0285,MM_0285
MM_0284,MM_0284
MM_0281,MM_0281
MM_0280,MM_0280
MM_0279,MM_0279
MM_0278,MM_0278
MM_0277,MM_0277
MM_0276,MM_0276
MM_0275,MM_0275
MM_0274,MM_0274
MM_0273,MM_0273
MM_0272,MM_0272
MM_0271,MM_0271
MM_0270,MM_0270
MM_0269,MM_0269
MM_0268,MM_0268
MM_0267,MM_0267
MM_0266,MM_0266
MM_0265,MM_0265
MM_0264,MM_0264
MM_0263,MM_0263
MM_0262,MM_0262
MM_0261,MM_0261
MM_0260,MM_0260
MM_0258,MM_0258
MM_0257,MM_0257
MM_0252,MM_0252
MM_0251,MM_0251
MM_0250,MM_0250
MM_0249,MM_0249
MM_0248,MM_0248
MM_0247,MM_0247
MM_0246,MM_0246
MM_0243,MM_0243
MM_0241,MM_0241
MM_0240,MM_0240
MM_0239,MM_0239
MM_0238,MM_0238
MM_0237,MM_0237
MM_0236,MM_0236
MM_0235,MM_0235
MM_0234,MM_0234
MM_0232,MM_0232
MM_0231,MM_0231
MM_0230,MM_0230
MM_0229,MM_0229
MM_0228,MM_0228
MM_0227,MM_0227
MM_0226,MM_0226
MM_0225,MM_0225
MM_0224,MM_0224
MM_0223,MM_0223
MM_0221,MM_0221
MM_0220,MM_0220
MM_0219,MM_0219
MM_0218,MM_0218
MM_0217,MM_0217
MM_0216,MM_0216
MM_0215,MM_0215
MM_0214,MM_0214
recJ:MM_0213,MM_0213
MM_0212,MM_0212
MM_0211,MM_0211
MM_0210,MM_0210
MM_0209,MM_0209
MM_0208,MM_0208
MM_0207,MM_0207
MM_0206,MM_0206
MM_0205,MM_0205
MM_0204,MM_0204
MM_0203,MM_0203
MM_0202,MM_0202
MM_0200,MM_0200
MM_0199,MM_0199
MM_0198,MM_0198
MM_0197,MM_0197
MM_0196,MM_0196
MM_0195,MM_0195
MM_0194,MM_0194
MM_0193,MM_0193
MM_0192,MM_0192
MM_0189,MM_0189
MM_0188,MM_0188
MM_0187,MM_0187
MM_0186,MM_0186
MM_0185,MM_0185
MM_0181,MM_0181
MM_0180,MM_0180
MM_0179,MM_0179
MM_0178,MM_0178
MM_0177,MM_0177
mtaA:MM_0176,MM_0176
mtaB:MM_0175,MM_0175
mtaC:MM_0174,MM_0174
MM_0172,MM_0172
MM_0171,MM_0171
MM_0170,MM_0170
MM_0169,MM_0169
MM_0168,MM_0168
czcD:MM_0167,MM_0167
MM_0166,MM_0166
MM_0165,MM_0165
MM_0164,MM_0164
rad2:MM_0163,MM_0163
MM_0162,MM_0162
MM_0161,MM_0161
MM_0160,MM_0160
MM_0159,MM_0159
MM_0158,MM_0158
MM_0157,MM_0157
MM_0156,MM_0156
MM_0155,MM_0155
MM_0154,MM_0154
MM_0153,MM_0153
MM_0152,MM_0152
MM_0151,MM_0151
MM_0150,MM_0150
MM_0149,MM_0149
MM_0148,MM_0148
MM_0147,MM_0147
MM_0146,MM_0146
MM_0143,MM_0143
MM_0140,MM_0140
cycK:MM_0139,MM_0139
MM_0138,MM_0138
MM_0137,MM_0137
MM_0136,MM_0136
MM_0135,MM_0135
MM_0134,MM_0134
MM_0132,MM_0132
MM_0131,MM_0131
MM_0130,MM_0130
MM_0129,MM_0129
MM_0127,MM_0127
MM_0126,MM_0126
MM_0125,MM_0125
MM_0124,MM_0124
MM_0123,MM_0123
MM_0122,MM_0122
MM_0120,MM_0120
MM_0119,MM_0119
MM_0117,MM_0117
MM_0116,MM_0116
MM_0115,MM_0115
MM_0113,MM_0113
MM_0110,MM_0110
MM_0108,MM_0108
MM_0107,MM_0107
MM_0106,MM_0106
MM_0105,MM_0105
MM_0104,MM_0104
MM_0103,MM_0103
MM_0102,MM_0102
MM_0101,MM_0101
MM_0100,MM_0100
MM_0099,MM_0099
MM_0098,MM_0098
MM_0096,MM_0096
MM_0095,MM_0095
MM_0094,MM_0094
MM_0092,MM_0092
MM_0091,MM_0091
MM_0090,MM_0090
MM_0089,MM_0089
MM_0088,MM_0088
MM_0085,MM_0085
MM_0084,MM_0084
MM_0083,MM_0083
MM_0082,MM_0082
MM_0081,MM_0081
MM_0080,MM_0080
MM_0079,MM_0079
MM_0078,MM_0078
MM_0077,MM_0077
MM_0076,MM_0076
MM_0075,MM_0075
MM_0072,MM_0072
MM_0071,MM_0071
MM_0070,MM_0070
MM_0069,MM_0069
MM_0068,MM_0068
MM_0067,MM_0067
MM_0066,MM_0066
MM_0065,MM_0065
MM_0064,MM_0064
MM_0063,MM_0063
MM_0062,MM_0062
MM_0061,MM_0061
MM_0060,MM_0060
MM_0058,MM_0058
MM_0055,MM_0055
MM_0054,MM_0054
MM_0053,MM_0053
MM_0051,MM_0051
MM_0049,MM_0049
MM_0048,MM_0048
MM_0047,MM_0047
MM_0046,MM_0046
MM_0045,MM_0045
MM_0044,MM_0044
MM_0043,MM_0043
otaB:MM_0041,MM_0041
MM_0036,MM_0036
MM_0035,MM_0035
MM_0034,MM_0034
MM_0033,MM_0033
MM_0032,MM_0032
MM_0030,MM_0030
MM_0029,MM_0029
MM_0027,MM_0027
MM_0026,MM_0026
MM_0025,MM_0025
MM_0024,MM_0024
MM_0023,MM_0023
MM_0021,MM_0021
MM_0020,MM_0020
MM_0019,MM_0019
MM_0018,MM_0018
ubiE:MM_0017,MM_0017
eif1a:MM_0016,MM_0016
MM_0015,MM_0015
MM_0014,MM_0014
MM_0013,MM_0013
MM_0012,MM_0012
MM_0011,MM_0011
MM_0010,MM_0010
MM_0009,MM_0009
MM_0008,MM_0008
dppF:MM_0007,MM_0007
dppD:MM_0006,MM_0006
dppC:MM_0005,MM_0005
dppB:MM_0004,MM_0004
MM_0003,MM_0003
MM_0002,MM_0002
MM_0001,MM_0001
